word,score
acquired,0.0
trap,-0.63507358
bear,-0.366912147
bearish,-0.366912147
bull,0.467771937
bullish,0.467771937
watchlist,0.0
higher,0.107852048
approval,0.9933456629999999
upside,0.467771937
squeeze,0.110309706
high,0.107852048
highs,0.107852048
move,0.13424713
up,0.14001818
moves,0.13424713
flying,0.0
stopped,-0.226
believe,0.0
good,0.44
possible,0.0
damn,-0.401
happened,0.0
mentioned,0.0
avoid,-0.29
wait,0.0
smarter,0.45799999999999996
touched,0.0
gon,0.0
tried,0.0
look,0.0
hold,0.0
holding,0.0
opened,0.0
shorting,0.0
bout,0.0
swinging,0.0
sure,0.318
looks,0.0
spiked,0.0
man,0.0
think,0.0
definitely,0.401
dipping,0.0
spiking,0.0
better,0.44
argue,-0.3
listen,0.0
potential,0.0
monthly,0.0
got,0.0
left,0.0
pull,0.0
wanna,0.0
rallying,0.0
closing,0.0
nice,0.42100000000000004
overly,0.0
ill,-0.42100000000000004
thank,0.361
depends,0.0
best,0.636
national,0.0
late,0.0
risky,-0.20199999999999999
chasing,0.0
like,0.361
buy,0.0
feeling,0.12
great,0.624
currently,0.0
reopened,0.0
trading,0.0
want,0.077
spike,0.0
crossed,0.0
heading,0.0
listed,0.0
creating,0.29
bounce,0.0
finally,0.0
moving,0.0
worth,0.226
ridiculous,-0.361
swim,0.0
thinking,0.0
latest,0.0
careful,0.153
learned,0.0
damn,-0.4019
negative,-0.5719
opens,0.0
shakes,0.0
improved,0.4767
average,0.0
willing,0.0
let,0.0
slip,0.0
little,0.0
original,0.3182
hoping,0.4215
rise,0.0
pretty,0.4939
lol,0.4215
soooo,0.0
cure,0.0
covid,0.0
nice,0.4215
roll,0.0
disrupting,0.0
throw,0.0
experienced,0.0
saying,0.0
starting,0.0
realistic,0.0
ridiculous,-0.3612
scary,-0.4939
stabilizing,0.0
sell,0.0
alerted,0.0
added,0.0
explain,0.0
entire,0.0
miss,-0.1531
consecutive,0.0
long,0.0
remember,0.0
interesting,0.4019
busy,0.0
buying,0.0
pre,0.0
right,0.0
nuts,-0.3182
open,0.0
cred,0.0
goes,0.0
went,0.0
deflated,0.0
ran,0.0
current,0.0
reports,0.0
passive,0.2023
weigh,0.0
related,0.0
bullish,0.0
nailed,0.0
live,0.0
usual,0.0
announces,0.0
quarterly,0.0
common,0.0
named,0.0
ahead,0.0
honoree,0.4767
manufacturing,0.0
meets,0.0
primary,0.0
sells,0.0
took,0.0
playing,0.2023
says,0.0
reached,0.1027
receives,0.0
reported,0.0
fourth,0.0
new,0.0
daytrading,0.0
goo,0.0
scholastic,0.0
sees,0.0
improve,0.4404
adjust,0.0
operational,0.0
expect,0.0
increasing,0.0
flexible,0.2263
whisperbeat,0.0
nastiest,-0.5267
literally,0.0
read,0.0
processing,0.0
actually,0.0
insane,-0.4019
whoa,0.0
happening,0.0
getting,0.0
ok,0.29600000000000004
hit,0.0
heavy,0.0
chinese,0.0
going,0.0
scalped,0.0
straight,0.2263
aggressive,-0.1531
matter,0.0258
stop,-0.29600000000000004
bleeding,0.0
patiently,0.0
solar,0.0
fake,-0.4767
crazy,-0.34
away,0.0
broke,-0.4215
american,0.0
accuses,-0.34
copying,0.0
rises,0.0
underperforms,0.0
enters,0.0
escalated,0.0
quickly,0.0
sold,0.0
booming,0.0
join,0.29600000000000004
learn,0.0
checkout,0.0
free,0.5106
stand,0.0
electric,0.0
elastic,0.0
initiated,0.0
neutral,0.0
outperform,0.0
beneficial,0.4404
forsake,0.0
upgraded,0.0
completes,0.0
super,0.5994
fucked,-0.6597
responded,0.0
arguably,-0.25
banned,-0.4588
bring,0.0
revises,0.0
certified,0.0
fifth,0.0
great,0.6249
active,0.4019
update,0.0
sort,0.0
fintwit,0.0
toured,0.0
novavax,0.0
discussed,0.0
course,0.0
pump,0.0
largest,0.0
close,0.0
declares,0.0
report,0.0
investing,0.0
paying,0.0
pennystocks,0.0
sends,0.0
bought,0.0
missed,-0.29600000000000004
gainers,0.0
otcbb,0.0
pumped,0.0
maybe,0.0
curly,0.0
burly,0.0
need,0.0
send,0.0
partial,0.0
senior,0.0
updated,0.0
regent,0.0
representative,0.0
actual,0.0
selling,0.0
pop,0.0
aiming,0.0
files,0.0
foreign,0.0
overall,0.0
small,0.0
hits,0.0
know,0.0
advanced,0.25
effective,0.4767
safest,0.4019
cleared,0.1027
watch,0.0
tested,0.0
works,0.0
easy,0.4404
sharp,0.0
posing,0.0
old,0.0
stole,0.0
bouggt,0.0
trendline,0.0
lose,-0.4019
pay,-0.1027
bad,-0.5423
caught,0.0
come,0.0
regional,0.0
names,0.0
chief,0.0
financial,0.0
allegiant,0.0
support,0.4019
international,0.0
joint,0.0
provides,0.0
publishes,0.0
detailing,0.0
complex,0.0
streamlines,0.0
decent,0.0
scooped,0.0
outstanding,0.6124
results,0.0
ended,0.0
announce,0.0
global,0.0
popular,0.4215
based,0.0
economic,0.0
hey,0.0
dem,0.0
flaggin,0.0
chart,0.0
held,0.0
reinforcing,0.0
etf,0.0
participates,0.0
working,0.0
handling,0.0
dazed,-0.1779
red,0.0
reach,0.0258
blassting,0.0
watching,0.0
fully,0.0
loaded,0.0
hitting,0.0
dividend,0.0
ignored,-0.3182
kinda,0.0
strange,-0.2023
combined,0.0
sunny,0.4215
talking,0.0
real,0.0
limited,-0.2263
peckholdings,0.0
gains,0.34
executive,0.0
oceaneering,0.0
realigned,0.0
second,0.0
unaudited,0.0
donate,0.0
local,0.0
host,0.0
virtual,0.0
calling,0.0
reopening,0.0
ripping,0.0
called,0.0
add,0.0
gap,0.0
huge,0.3182
slowly,0.0
climbing,0.0
public,0.0
killing,-0.6597
steadily,0.0
sitting,0.0
adding,0.0
schedules,0.0
discuss,0.0
gisecki,0.0
range,0.0
disclosing,0.0
inaccurate,0.0
retail,0.0
forgot,0.0
churning,0.0
beautifully,0.5719
incorporated,0.0
exacta,0.0
historical,0.0
breaking,0.0
consider,0.0
scaled,0.0
stimulus,0.0
stalled,-0.2023
initial,0.0
truly,0.4404
expected,0.0
harder,0.0
removes,0.0
originating,0.0
larger,0.0
supercharger,0.0
brentkhack,0.0
pj,0.0
trying,0.0
find,0.0
released,0.0
loves,0.5719
proxy,0.0
definitive,0.0
tough,-0.128
wise,0.4767
deferral,0.0
agreed,0.2732
understand,0.0
dropped,0.0
tentative,0.0
avoid,-0.29600000000000004
push,0.0
use,0.0
mainly,0.0
charting,0.0
launches,0.0
screened,0.0
indices,0.0
thought,0.0
jumping,0.0
prefer,0.0
overnighting,0.0
cheap,0.0
especially,0.0
problem,-0.4019
nearly,0.0
complete,0.0
lets,0.0
stupid,-0.5267
interim,0.0
want,0.0772
aged,0.0
popped,0.0
mega,0.0
biggest,0.0
start,0.0
running,0.0
following,0.0
comes,0.0
killin,0.0
making,0.0
green,0.0
fat,0.0
spoiled,0.0
probably,0.0
taking,0.0
exists,0.0
safe,0.4404
absolute,0.0
screwed,-0.4939
surprised,0.2263
cleaned,0.0
mean,0.0
feel,0.0
smash,0.0
mulls,0.0
rules,0.0
medical,0.0
therapeutic,0.0
slips,0.0
devonenergy,0.0
declines,0.0
file,0.0
ohhhhhhh,0.0
headed,0.0
alert,0.29600000000000004
quick,0.0
ask,0.0
showed,0.0
lighter,0.0
hear,0.0
good,0.4404
wrong,-0.4767
fly,0.0
thin,0.0
lottoing,0.0
webull,0.0
wants,0.0
offering,0.0
drop,-0.2732
ready,0.3612
switched,0.0
switch,0.0
posted,0.0
figured,0.0
share,0.29600000000000004
clear,0.3818
strong,0.5106
beautiful,0.5994
violated,-0.5267
margin,0.0
holy,0.0
overnight,0.0
makes,0.0
shot,0.0
blasttttttt,0.0
perfect,0.5719
detecting,0.0
white,0.0
abnormal,0.0
tos,0.0
shit,-0.5574
fiscal,0.0
published,0.0
topic,0.0
favorite,0.4588
identify,0.0
important,0.2023
avail,0.0
tradingview,0.0
subscribe,0.0
closes,0.0
toook,0.0
played,0.34
falling,-0.1531
tight,0.0
oversold,0.0
produce,0.0
worldwide,0.0
scrambling,0.0
revolutionize,0.0
runs,0.0
stay,0.0
giving,0.34
wanted,0.0
owned,0.0
revealed,0.0
tripcom,0.0
conduct,0.0
critical,-0.3182
artificial,0.0
banked,0.0
nicely,0.4404
mini,0.0
coming,0.0
reveals,0.0
rockwellmedical,0.0
excited,0.34
dancing,0.0
symmetrical,0.0
forming,0.0
weekly,0.0
inside,0.0
strategic,0.0
strongly,0.2732
implement,0.0
faster,0.0
chase,0.0
quicker,0.0
upcoming,0.0
boom,0.0
discusses,0.0
printing,0.0
welcome,0.4588
gets,0.0
filing,0.0
respiratory,0.0
includes,0.0
handle,0.0
knows,0.0
lock,0.0
approaching,0.0
producing,0.0
holds,0.0
breaks,0.0
track,0.0
puts,0.0
ream,0.0
ibexlimited,0.0
yelling,0.0
blowing,0.0
seriously,-0.1779
surpasses,0.0
riteaid,0.0
previous,0.0
afterhours,0.0
smacking,0.0
sending,0.0
pr,0.0
expensive,0.0
lowfloat,0.0
telling,0.0
spell,0.0
finding,0.0
plays,0.25
signing,0.0
lambo,0.0
antitrust,0.0
filed,0.0
mixed,0.0
confirmed,0.0
soon,0.0
closed,0.0
hyped,0.0
found,0.0
scalping,0.0
helping,0.29600000000000004
rising,0.0
insideweek,0.0
volumeshelf,0.0
sibanye,0.0
alright,0.25
guess,0.0
best,0.6369
trade,0.0
favorited,0.4019
glorious,0.6369
deal,0.0
expiring,0.0
prent,0.0
ticker,0.0
upsized,0.0
ishares,0.0
acquire,0.0
doubt,-0.3612
market,0.0
short,0.0
ordered,0.0
fund,0.0
needed,0.0
reduced,0.0
keeping,0.0
high,0.0
swing,0.0
downgrade,0.0
gaped,0.0
anticipated,0.0
solid,0.1531
write,0.0
easiest,0.4215
pick,0.0
told,0.0
stox,0.0
bitch,-0.5859
drops,0.0
juicy,0.0
gave,0.0
losing,-0.3818
visual,0.0
check,0.0
love,0.6369
way,0.0
gaping,0.0
rip,0.0
recommends,0.2263
aborting,0.0
extreme,0.0
immediately,0.0
help,0.4019
feed,0.0
follow,0.0
looking,0.0
thick,0.0
owns,0.0
einhorn,0.0
obviously,0.0
sorry,-0.0772
zack,0.0
posting,0.0
invited,0.0
afford,0.0
prelude,0.0
daily,0.0
drunk,-0.34
saved,0.4215
gaining,0.4215
recent,0.0
relative,0.0
pupscan,0.0
imo,0.0
ambidextrous,0.0
davesplay,0.0
triple,0.0
having,0.0
geovax,0.0
uplisting,0.0
reverse,0.0
split,0.0
pinterest,0.0
elliotwave,0.0
ev,0.0
sleeping,0.0
fellow,0.0
pushed,0.0
downhill,0.0
undervalued,0.0
threatened,-0.4588
developing,0.0
win,0.5859
lambos,0.0
recycled,0.0
include,0.0
surge,0.0
begins,0.0
educational,0.0
mentoring,0.0
request,0.0
epic,0.0
bredbadly,0.0
early,0.0
supernova,0.0
reviewing,0.0
preparing,0.0
anticipate,0.0
inc,0.0
gafisa,0.0
sports,0.0
regenxbio,0.0
analyzing,0.0
services,0.0
ontario,0.0
lendingtree,0.0
foods,0.0
magic,0.0
comparing,0.0
golden,0.0
contrasting,0.0
noble,0.4588
unusually,0.0
large,0.0
purchase,0.0
western,0.0
digital,0.0
minor,0.0
downgraded,0.0
lowered,-0.128
docusign,0.0
darden,0.0
scientific,0.0
shares,0.29600000000000004
upgrade,0.0
higher,0.0
better,0.4404
weak,-0.4404
decreased,0.0
issued,0.0
boost,0.4019
oppenheimer,0.0
set,0.0
canadian,0.0
updates,0.0
clean,0.4019
rent,0.0
earn,0.0
lifted,0.0
forecasted,0.0
increase,0.3182
lift,0.0
mention,0.0
frankly,0.0
contrary,0.0
argus,0.0
online,0.0
normal,0.0
blasting,0.0
prepare,0.0
break,0.0
confirms,0.0
prime,0.0
focus,0.0
total,0.0
earlier,0.0
domestic,0.0
conservative,0.0
hot,0.0
tesla,0.0
australian,0.0
growing,0.1779
changes,0.0
exactly,0.0
worthless,-0.4404
banning,0.0
fascinating,0.5423
possibly,0.0
careful,0.1531
repeat,0.0
promising,0.4019
create,0.2732
moved,0.0
sure,0.3182
tommorow,0.0
black,0.0
guy,0.0
interested,0.4019
heard,0.0
recommend,0.3612
invest,0.0
rolled,0.0
overbought,0.0
goodmorning,0.0
started,0.0
seen,0.0
concerned,0.0
positive,0.5574
rn,0.0
hovering,0.0
uses,0.0
unfortunately,-0.34
lowest,-0.3818
highest,0.0
far,0.0
volatile,0.0
guessing,0.0
scalp,0.0
instead,0.0
merge,0.0
jump,0.0
scaring,-0.4404
showing,0.0
recording,0.0
busted,0.0
fuck,-0.5423
messy,-0.3612
amazing,0.5859
basically,0.0
waiting,0.0
handled,0.0
recorded,0.0
fishy,0.0
nevermind,0.0
traumatized,-0.4019
bullied,-0.6249
cope,0.0
end,0.0
deserve,0.0
purple,0.0
obnoxious,-0.4588
haired,0.0
invite,0.1531
fair,0.3182
sweet,0.4588
double,0.0
haha,0.4588
warzone,0.0
fall,0.0
popping,0.0
ruthless,0.0
happy,0.5719
eying,0.0
liking,0.4019
bottomed,0.0
needs,0.0
pushing,0.0
halted,0.0
grinding,0.0
symp,0.0
speaking,0.0
chargepoint,0.0
honest,0.5106
heavily,0.0
invested,0.0
fucking,0.0
descending,0.0
chased,0.0
creeping,0.0
smart,0.4019
major,0.0
dark,0.0
testing,0.0
try,0.0
attack,-0.4767
picking,0.0
stays,0.0
lagging,-0.2732
calls,0.0
talked,0.0
encourage,0.5106
grow,0.0
asks,0.0
point,0.0
thank,0.3612
forward,0.0
imagine,0.0
unhealthy,-0.5267
reclaimed,0.0
spamming,-0.4767
fantastic,0.5574
presidential,0.0
scheduled,0.0
eastern,0.0
keeps,0.0
exited,0.0
trump,0.0
lmfao,0.5423
holly,0.0
clinical,0.0
planned,0.0
chippin,0.0
adjusts,0.0
exaggerates,-0.1531
patient,0.0
os,0.0
easily,0.34
eating,0.0
granted,0.25
gapped,0.0
tank,0.0
retest,0.0
clarify,0.0
bet,0.0
pissed,-0.6369
round,0.0
expands,0.1027
messin,0.0
bid,0.0
dumb,-0.5106
rolling,0.0
wide,0.0
stuffed,0.0
pulled,0.0
entered,0.0
brings,0.0
august,0.0
awful,-0.4588
icing,0.0
everyday,0.0
graduated,0.0
delaying,0.0
multiple,0.0
available,0.0
imma,0.0
smashin,0.0
amend,0.0
revolving,0.0
substantially,0.0
reduce,0.0
strengthen,0.3182
checking,0.0
lool,0.0
additional,0.0
wedged,0.0
hearing,0.0
playas,0.0
redux,0.0
successfully,0.4939
developed,0.0
sized,0.0
cylindrical,0.0
nearing,0.0
releases,0.0
launching,0.0
intentkey,0.0
changing,0.0
streamed,0.0
eyeing,0.0
halt,0.0
approved,0.4215
damage,-0.4939
stressful,-0.5106
stressed,-0.34
fill,0.0
killed,-0.6705
anytime,0.0
professional,0.0
ripple,0.0
dipped,0.0
wondering,0.0
destroyed,-0.4939
oooof,0.0
unhalted,0.0
knifing,0.0
knfiing,0.0
grabbed,0.0
comical,0.0
ptontrying,0.0
slow,0.0
bouncing,0.0
near,0.0
rocket,0.0
jumped,0.0
dropping,0.0
curious,0.3182
merged,0.0
dumping,-0.3182
goin,0.0
sneaky,-0.2263
awesome,0.6249
omg,0.0
tapping,0.0
suspended,-0.4767
baked,0.0
smoking,0.0
merger,0.0
completed,0.0
doin,0.0
intense,0.0772
horse,0.0
merging,0.0
trending,0.0
asking,0.0
cancel,-0.25
attempting,0.0
hopefully,0.4019
bounces,0.0
forcing,0.0
incredible,0.0
seeing,0.0
failed,-0.5106
mentioning,0.0
final,0.0
cut,-0.2732
lost,-0.3182
likely,0.0
unhalt,0.0
rocking,0.0
tanking,0.0
sucked,-0.4588
werid,0.0
smashing,0.0
worst,-0.6249
dying,0.0
unhlated,0.0
snatched,0.0
trust,0.5106
horrible,-0.5423
flush,0.0
curling,0.0
linked,0.0
gapping,0.0
regaining,0.0
announced,0.0
provide,0.0
enhanced,0.0
postponed,-0.2023
enuff,0.0
filled,0.0
hodling,0.0
forever,0.0
perfectly,0.6369
explains,0.0
wild,0.0
continue,0.0
upwards,0.0
selects,0.0
streaming,0.0
totally,0.0
misplayed,0.0
riding,0.0
trusting,0.4019
yoloing,0.0
counter,0.0
shorts,0.0
reiterating,0.0
hope,0.4404
tendies,0.0
target,0.0
hod,0.0
uptrend,0.0
burned,0.0
twice,0.0
likey,0.0
flirted,-0.0516
consolidating,0.0
kabooom,0.0
steady,0.0
foooo,0.0
massive,0.0
flagging,0.0
chat,0.0
shooting,0.0
simpathy,0.0
lower,-0.29600000000000004
tumbling,0.0
respecting,0.4939
babes,0.0
tandem,0.0
idk,-0.1027
sympathy,0.3612
wrecked,0.0
putting,0.0
clench,0.0
acquiring,0.0
choking,-0.4588
count,0.0
squeezed,0.0
worked,0.0
relax,0.4404
felt,0.0
loading,0.0
usually,0.0
rigorous,-0.2732
competing,0.0
declining,0.0
weird,-0.1779
tamper,0.0
broken,-0.4767
non,0.0
buys,0.0
worth,0.2263
timsykes,0.0
tuesdaymorning,0.0
slapped,0.0
willy,0.0
worried,-0.29600000000000004
flirting,0.2023
frisky,0.25
pulling,0.0
adjourns,0.0
special,0.4019
poking,0.0
blown,0.0
swear,-0.0516
grant,0.3612
forget,-0.2263
trader,0.0
points,0.0
stealing,-0.5719
locked,0.0
signed,0.0
sign,0.0
means,0.0
world,0.0
gapfill,0.0
regained,0.0
secured,0.4019
trashing,0.0
flipped,0.0
magnificent,0.5994
safer,0.4215
present,0.0
repeating,0.0
perked,0.0
surgical,0.0
supposed,0.0
secure,0.34
fell,0.0
advance,0.0
awarded,0.4019
halting,0.0
beast,0.0
crashed,0.0
ball,0.0
valued,0.4404
toppy,0.0
flattened,0.0
mid,0.0
maintains,0.0
healthy,0.4019
knifed,0.0
خاصة,0.0
meant,0.0
strangle,0.0
sleep,0.0
haven,0.0
pussy,0.0
dirty,-0.4404
revs,0.0
afraid,0.0
debating,0.0
melting,0.0
purchased,0.0
sheesh,0.0
joined,0.0
drilling,0.0
ambow,0.0
extending,0.0
underestimated,-0.2732
roasted,0.0
ugly,-0.5106
fomo,0.0
remind,0.0
bangin,0.0
fired,-0.5574
funny,0.4404
missing,-0.29600000000000004
leaving,0.0
coached,0.0
leaves,0.0
peep,0.0
appoching,0.0
acceptable,0.3182
visit,0.0
commonly,0.0
shabby,0.0
realized,0.0
logged,0.0
dude,0.0
sucks,-0.3612
log,0.0
opening,0.0
shows,0.0
familiar,0.0
legitimately,0.0
hating,-0.5106
incoming,0.0
agree,0.3612
bite,0.0
asshole,0.0
recently,0.0
ringcentral,0.0
unified,0.3818
productive,0.0
unchanged,0.0
jumpin,0.0
resumed,0.0
industrial,0.0
mechanical,0.0
joins,0.0
access,0.0
insightful,0.0
appoints,0.0
worry,-0.4404
feelin,0.0
typing,0.0
spicy,0.0
clue,0.0
receive,0.0
subscribed,0.0
receiving,0.0
farted,0.0
ascending,0.0
enter,0.0
restores,0.29600000000000004
impacted,0.0
develop,0.0
unbranded,0.0
appear,0.0
differently,0.0
depending,0.0
adds,0.0
including,0.0
greater,0.3612
rural,0.0
annual,0.0
according,0.0
upheld,0.0
stockstowatch,0.0
preclinical,0.0
potent,0.0
neutralizing,0.0
skyflux,0.0
converged,0.0
microsatellite,0.0
stable,0.29600000000000004
leave,-0.0516
european,0.0
tick,0.0
renewable,0.0
meet,0.0
virtually,0.0
rule,0.0
won,0.5719
zoom,0.0
infuse,0.0
helps,0.3818
simplify,0.0
deliver,0.0
personalized,0.0
address,0.0
strengthens,0.4588
leading,0.0
enhance,0.0
independent,0.0
loud,0.0
sexual,0.0
dramatic,0.0
attacks,-0.4404
incorrect,0.0
delivered,0.0
offer,0.0
skyrocketing,0.0
semi,0.0
wo,0.0
confused,-0.3182
bright,0.4404
learning,0.0
highlights,0.0
exploit,-0.1027
investigational,0.0
dry,0.0
viavi,0.0
participate,0.0
affimed,0.0
للمشاركة,0.0
sounds,0.0
similar,0.0
launch,0.0
proposed,0.0
underwritten,0.0
responds,0.0
baseless,0.0
misleading,-0.4019
ارتفااااع,0.0
جنوني,0.0
appreciated,0.5106
flat,0.0
completely,0.0
overdone,0.0
parabolic,0.0
medtronic,0.0
outlines,0.0
progress,0.4215
infectious,0.0
exclusively,0.0
licensed,0.0
sonic,0.0
automotive,0.0
acquires,0.0
adjacent,0.0
review,0.0
environmental,0.0
aims,0.0
slapping,0.0
sustains,0.0
comparable,0.0
featuring,0.0
universal,0.0
components,0.0
specially,0.0
modified,0.0
commercial,0.0
soundsend,0.0
instantly,0.0
connect,0.0
promotes,0.34
inaugural,0.0
pro,0.0
programmable,0.0
terrestrial,0.0
iridium,0.0
release,0.0
recognized,0.0
supporting,0.4404
hidden,0.0
expanded,0.0
requested,0.0
expand,0.3182
unique,0.0
private,0.0
pricing,0.0
extended,0.0
jointly,0.0
driven,0.0
corporate,0.0
arnd,0.0
continues,0.0
echopark,0.0
adopts,0.1779
processes,0.0
extends,0.128
silver,0.0
transferred,0.0
approves,0.4019
living,0.0
boosting,0.34
daytrade,0.0
restructures,0.0
order,0.0
watched,0.0
cheaper,0.0
nasdaq,0.0
الارتفاع,0.0
increased,0.2732
liquid,0.0
someday,0.0
stopped,-0.2263
raving,0.0
capital,0.0
raise,0.0
maintain,0.0
smell,0.0
float,0.0
process,0.0
premarket,0.0
ceasing,0.0
fresh,0.3182
resume,0.0
withdraws,0.0
heating,0.0
dips,0.0
significant,0.2023
designated,0.0
positioned,0.0
commences,0.0
pivotal,0.0
clinicaltrial,0.0
studying,0.0
acute,0.0
takes,0.0
future,0.0
single,0.0
plastic,0.0
antimicrobial,0.0
creates,0.2732
biosciences,0.0
dosed,0.0
microbiome,0.0
moderate,0.0
ulcerative,0.0
intends,0.0
prior,0.0
conducting,0.0
silly,0.0258
wabtec,0.0
discovers,0.0
antiviral,0.0
fuelcell,0.0
fast,0.0
checkpoint,0.0
concurrent,0.0
operating,0.0
grab,0.0
absolutely,0.0
shocked,-0.3182
scored,0.0
moleculinbiotech,0.0
coronavirus,0.0
listened,0.0
engineering,0.0
selected,0.0
aerosystems,0.0
north,0.0
shorted,0.0
unexpected,0.0
fixed,0.0
inititated,0.0
equal,0.0
raised,0.0
sole,0.0
multi,0.0
half,0.0
steps,0.0
expanding,0.0
technical,0.0
pandemic,0.0
blended,0.0
dermal,0.0
cardiac,0.0
refinancing,0.0
profitable,0.4404
organic,0.0
reignites,0.0
nash,0.0
celebrate,0.5719
squid,0.0
arrived,0.0
outsources,0.0
strengthening,0.4939
academic,0.0
increases,0.0
prominent,0.3182
celebrates,0.5719
electrostatic,0.0
contribute,0.0
innovative,0.4404
laureate,0.0
swingtrading,0.0
integra,0.0
divest,0.0
lifesci,0.0
publicly,0.0
commence,0.0
thanksgiving,0.0
introduces,0.0
grand,0.4588
nationwide,0.0
mental,0.0
pioneering,0.0
sustainable,0.0
controlled,0.0
indoor,0.0
greedy,-0.3182
jetblue,0.0
encouraging,0.5267
launched,0.128
personal,0.0
existing,0.0
pressure,-0.29600000000000004
rival,0.0
offers,0.0
diagnostic,0.0
gauge,0.0
artelo,0.0
primed,0.0
discontinuing,0.0
cutting,-0.128
scan,0.0
gauntlet,0.0
soluble,0.0
general,0.0
sup,0.0
vertical,0.0
triggered,0.0
creative,0.4404
clapping,0.0
grabbing,0.0
pure,0.0
reinstated,0.0
disconnected,0.0
algos,0.0
ignite,0.0
tweeting,0.0
electronic,0.0
year,0.0
touchsense,0.0
wifi,0.0
advances,0.0
managed,0.0
pharmaceutical,0.0
marvell,0.0
enabling,0.0
perioperative,0.0
physical,0.0
slightly,0.0
gaming,0.0
titan,0.0
optical,0.0
lightweight,0.0
standard,0.0
ardmore,0.0
repurchase,0.0
providing,0.0
hi,0.0
logistic,0.0
myovant,0.0
secondary,0.0
kicking,0.0
direct,0.0
anymore,0.0
catch,0.0
knife,0.0
unloaded,0.0
touch,0.0
biodegradable,0.0
friendly,0.4939
mover,0.0
marathon,0.0
roccat,0.0
achieve,0.0
statistical,0.0
cross,0.0
border,0.0
novel,0.3182
oral,0.0
metastatic,0.0
expecting,0.0
covered,0.0
apparently,0.0
happens,0.0
alive,0.3818
exclusive,0.128
pursuant,0.0
compared,0.0
leuprolide,0.0
acetate,0.0
wet,0.0
trend,0.0
swingtrade,0.0
valueinvesting,0.0
wallstreet,0.0
fdic,0.0
movin,0.0
baffles,0.0
ignorant,-0.2732
rips,0.0
turned,0.0
partnering,0.0
unites,0.0
telenav,0.0
plans,0.0
operated,0.0
hires,0.0
cocrystal,0.0
notice,0.0
titled,0.0
design,0.0
delivering,0.0
accelerate,0.0
hybrid,0.0
circular,0.0
delivers,0.0
cpq,0.0
curbside,0.0
briefing,0.0
meeting,0.0
securian,0.0
mutual,0.0
safely,0.4939
integrates,0.0
engage,0.34
neglected,-0.5267
firmly,0.0
optionstrading,0.0
optionsreport,0.0
hosted,0.0
military,0.0
preferred,0.0
prestigious,0.0
biomarin,0.0
unusual,0.0
accelerates,0.0
welcomes,0.4019
entrant,0.0
wall,0.0
pass,0.0
verbally,0.0
abusive,-0.6369
wins,0.5719
espresa,0.0
starts,0.0
beginning,0.0
achieves,0.0
provisional,0.0
tenth,0.0
townsend,0.0
ineos,0.0
trinseo,0.0
smb,0.0
channel,0.0
drive,0.0
finds,0.0
fewer,0.0
mitigate,0.0
cyber,0.0
comprehensive,0.25
raises,0.0
connected,0.0
hmmm,0.0
chuckle,0.4019
hops,0.0
shortly,0.0
relaunch,0.0
formal,0.0
backed,0.0258
official,0.0
pet,0.0
screaming,-0.3818
revolttoken,0.0
livexlive,0.0
lives,0.0
absolutelysmoking,0.0
appointed,0.0
automated,0.0
anti,-0.3182
postive,0.0
indicated,0.0
reddit,0.0
included,0.0
shopify,0.0
outrageous,-0.4588
priced,0.0
hilarious,0.4019
leads,0.0
loom,-0.2263
slammed,0.0
remain,0.0
adial,0.0
individual,0.0
invests,0.0
spruce,0.0
reviewed,0.0
symptomatic,0.0
sprays,0.0
lows,-0.2023
tingling,0.0
flown,0.0
pumping,0.0
haulted,0.0
caesars,0.0
reloading,0.0
sweeps,0.0
giant,0.0
dammit,0.0
dumped,-0.4019
lmaooo,0.0
ruining,-0.25
borrows,0.0
valid,0.0
stockstotrade,0.0
rapid,0.0
adialpharmaceuticals,0.0
soaring,0.0
dumber,-0.3612
math,0.0
flow,0.0
promised,0.3612
rain,0.0
temporary,0.0
regulatory,0.0
shipping,0.0
consolidated,0.0
happen,0.0
slaps,0.0
unreal,0.0
cooling,0.0
weary,-0.2732
coiling,0.0
cuhgging,0.0
climb,0.0
turkish,0.0
armenian,0.0
perking,0.0
manipulated,-0.3818
filling,0.0
titties,0.0
rebuying,0.0
fun,0.5106
nicve,0.0
milked,0.0
newhod,0.0
thinnest,0.0
stabilized,0.0
formed,0.0
puking,-0.4215
reloaded,0.0
sharing,0.4215
stereotypical,0.0
debate,0.0
stabilize,0.0
waste,-0.4215
blessed,0.5994
rebought,0.0
goooo,0.0
eager,0.3612
implied,0.0
struggling,-0.4215
bigger,0.0
trades,0.0
stamped,0.0
dissapointing,0.0
bezos,0.0
setting,0.0
exploding,0.0
tuned,0.0
upholds,0.0
ongoing,0.0
change,0.0
center,0.0
disappointing,-0.4939
icecream,0.0
hosting,0.0
indicating,0.0
visionary,0.5267
portal,0.0
aide,0.0
gathering,0.0
cheapest,0.0
catching,0.0
weed,0.0
later,0.0
hopeful,0.5106
faces,0.0
iced,0.0
shall,0.0
reading,0.0
looked,0.0
wearing,0.0
fined,0.0
offered,0.0
gambling,0.0
dismisses,0.0
secures,0.3182
tranche,0.0
leaking,0.0
cites,0.0
russian,0.0
fluidigm,0.0
revised,0.0
resolves,0.1779
tied,0.0
precious,0.5719
talks,0.0
remains,0.0
conducts,0.0
geological,0.0
geochemical,0.0
tip,0.0
facing,0.0
visiting,0.0
shook,-0.1027
drill,0.0
day,0.0
speak,0.0
falls,0.0
scripted,0.0
german,0.0
wanting,0.0
square,0.0
serve,0.0
ordering,0.0
broad,0.0
vmware,0.0
crashes,0.0
poor,-0.4767
federalreserve,0.0
located,0.0
reverses,0.0
ruling,0.0
fight,-0.3818
detected,0.0
snagged,0.0
pinned,0.0
supports,0.3612
extra,0.0
watershed,0.0
opendoor,0.0
emb,0.0
press,0.0
highlighting,0.0
certain,0.2732
legal,0.128
hole,0.0
crude,-0.5719
seeking,0.0
admits,0.29600000000000004
owe,0.0
cucks,0.0
fighting,-0.3612
riiiiip,0.0
rumor,0.0
strongest,0.4404
care,0.4939
sandy,0.0
pullback,0.0
reclaiming,0.0
squeezing,0.0
bomb,-0.4939
charge,0.0
risky,-0.2023
catches,0.0
dent,0.0
spirals,0.0
expects,0.0
blockbuster,0.5994
premium,0.0
grows,0.0
spreads,0.0
passed,0.0
prove,0.0
uneventful,0.0
hang,0.0
gimme,0.0
fisker,0.0
thankfully,0.4215
neuronal,0.0
screenshot,0.0
enrolled,0.0
reminds,0.0
tapped,0.0
intending,0.0
spermy,0.0
cardiff,0.0
prices,0.0
tatted,0.0
yolo,0.2732
pressed,0.0
chill,0.0
fed,0.0
potentially,0.0
explosive,0.0
inovio,0.0
lowers,-0.128
nonhospitalized,0.0
details,0.0
smaller,0.0
surged,0.0
gorgeous,0.6124
beats,0.0
skidrow,0.0
norwegian,0.0
doubles,0.0
confirm,0.0
offset,0.0
listing,0.0
summarized,0.0
lay,0.0
pivot,0.0
laying,0.0
bagholding,0.0
mattered,0.0
weakest,-0.5106
appears,0.0
older,0.0
estimated,0.0
continued,0.0
dominated,0.0
gives,0.0
intra,0.0
biden,0.0
leveraged,0.0
bears,0.0
sectorbreadth,0.0
cleanspark,0.0
store,0.0
anticipating,0.0
newater,0.0
entering,0.0
pediatric,0.0
adrenocortical,0.0
duke,0.0
goated,0.0
iykyk,0.0
targets,0.0
begin,0.0
mystic,0.0
suggesting,0.0
warp,0.0
shaped,0.0
clown,0.0
helped,0.0
hospitalized,0.0
heal,0.0
recked,0.0
reelected,0.0
appropriate,0.0
liked,0.4215
composed,0.0
promise,0.3182
reflects,0.0
amazes,0.4939
answer,0.0
justifying,0.0
handsome,0.4939
jealous,-0.4588
fold,0.0
driving,0.0
accept,0.3818
tel,0.0
bored,-0.2732
vouch,0.0
political,0.0
turns,0.0
wathing,0.0
politcal,0.0
created,0.25
clarivate,0.0
looms,-0.1531
slides,0.0
light,0.0
takeaways,0.0
difficult,-0.3612
suffer,-0.5423
portable,0.0
nuclear,0.0
wto,0.0
scores,0.0
oncological,0.0
ranked,0.0
eighth,0.0
sep,0.0
palantir,0.0
purchases,0.0
blurring,0.0
monetary,0.0
focusing,0.0
anyways,0.0
skinny,0.0
stands,0.0
surfing,0.0
warming,0.1531
tits,-0.2263
pops,0.0
accelerated,0.0
severe,-0.3818
doubled,0.0
contend,0.0516
cultural,0.0
wireless,0.0
charging,0.0
cool,0.3182
tait,0.0
residential,0.0
squeeze,0.0
came,0.0
favorable,0.4767
gained,0.3818
belong,0.0
peek,0.0
tiktok,0.0
acorninternational,0.0
generates,0.0
restart,0.0
believes,0.0
federal,0.0
newpark,0.0
translational,0.0
uncomplicated,0.0
urinary,0.0
lightspeed,0.0
poised,0.25
empower,0.0
techne,0.0
gmp,0.0
initiates,0.0
human,0.0
iconic,0.0
energous,0.0
groundbreaking,0.0
william,0.0
renewed,0.0
lonberg,0.0
accumulating,0.0
electrocore,0.0
sponsored,0.0
invasive,0.0
vagal,0.0
traumatic,-0.5719
convertible,0.0
approached,0.0
snags,0.0
keen,0.3612
indoorpositioning,0.0
build,0.0
pending,0.0
rich,0.5574
resupplied,0.0
collectively,0.0
propping,0.0
news,0.0
scooping,0.0
optec,0.0
seasonal,0.0
social,0.0
barda,0.0
chooses,0.0
understanding,0.0
tradeable,0.0
selll,0.0
carry,0.0
reversing,0.0
affirms,0.0
responsible,0.3182
loving,0.5994
remaining,0.0
whore,-0.6486
loaading,0.0
easssy,0.0
fishwise,0.0
benefits,0.3818
intl,0.0
underperform,0.0
freaking,-0.4215
alleged,0.0
blink,0.0
notable,0.0
clouded,-0.0516
specific,0.0
sufficient,0.0
depositary,0.0
eom,0.0
dressing,0.0
finest,0.0
failing,-0.5106
whatsup,0.0
trynna,0.0
hates,-0.4404
sucking,0.0
nailing,0.0
reads,0.0
longer,0.0
upgrades,0.0
crushed,-0.4215
exploded,0.0
registered,0.0
stacking,0.0
deep,0.0
rallied,0.0
angry,-0.5106
emerging,0.0
payed,0.0
funding,0.0
tracking,0.0
originally,0.0
galvanize,0.0
optically,0.0
tends,0.0
fear,-0.4939
pooped,0.0
betting,0.0
surprise,0.2732
benzinga,0.0
trapped,-0.5267
followed,0.0
gassed,0.0
remove,0.0
crying,-0.4767
contested,0.0
spending,0.0
recovering,0.0
sourced,0.0
explicitly,0.0
define,0.0
someones,0.0
gona,0.0
turning,0.0
covers,0.0
continuing,0.0
skittish,0.0
cannabis,0.0
circulate,0.0
poop,0.0
esports,0.0
agrees,0.2023
northern,0.0
asked,0.0
cares,0.4588
affect,0.0
ends,0.0
sinclair,0.0
hundreddollaroll,0.0
imminent,0.0
undisputed,0.0
struggles,-0.3612
mightily,0.0
outsized,0.0
webcast,0.0
robinhood,0.0
delayed,-0.2263
loses,-0.3182
boring,-0.3182
upside,0.0
powerful,0.4215
custodian,0.0
squat,0.0
briefly,0.0
stops,-0.1531
changed,0.0
shake,-0.1779
week,0.0
hatled,0.0
cover,0.0
earnings,0.0
ramping,0.0
record,0.0
banking,0.0
setups,0.0
hourly,0.0
risking,-0.3182
penny,0.0
throwing,0.0
goooooo,0.0
hahahahah,0.0
spreading,0.0
concerning,0.0
control,0.0
female,0.0
volume,0.0
bipartisan,0.0
tunnel,0.0
frustrating,-0.4404
capping,0.0
financially,0.0
began,0.0
integrate,0.0
ramp,0.0
month,0.0
racing,0.0
load,0.0
topped,0.0
pays,0.0
scooting,0.0
slamming,0.0
await,0.1027
cited,0.0
different,0.0
particular,0.0
shorties,0.0
loose,-0.3182
pupchart,0.0
tradeplan,0.0
link,0.0
speed,0.0
eventual,0.0
durable,0.0
shared,0.34
fills,0.0
dangerously,-0.4588
correct,0.0
whacks,0.0
unveil,0.0
bloody,-0.4404
decided,0.0
blocked,-0.2732
docked,0.0
stick,0.0
wayfair,0.0
lightly,0.0
girlfriend,0.0
cruise,0.0
quiet,0.0
compelling,0.2263
na,0.0
micro,0.0
outlets,0.0
sterling,0.0
crossing,0.0
twitch,0.0
touching,0.0
remodeled,0.0
pounding,0.0
slumped,0.0
shouted,0.0
vibe,0.0
abstract,0.0
availible,0.0
dominates,0.0516
substantial,0.2023
officially,0.0
converts,0.0
burst,0.0
tighter,0.0
digs,0.0
founder,0.0
crashing,0.0
drowning,0.0
sayinf,0.0
landed,0.0
stonk,0.0
frank,0.0
defending,0.0
convenient,0.0
aside,0.0
fading,0.0
benefit,0.4588
closely,0.0
complaining,-0.2023
korean,0.0
cases,0.0
watcher,0.0
starbucks,0.0
apart,0.0
discussing,0.0
lolwut,0.0
hanging,0.0
tmew,0.0
extend,0.1779
seek,0.0
earliest,0.0
proud,0.4767
itttt,0.0
condemns,-0.5106
dccr,0.0
like,0.3612
sharply,0.0
wrote,0.0
spread,0.0
hide,-0.1779
encouraged,0.3612
download,0.0
impressed,0.4767
toes,0.0
cage,0.0
oncologic,0.0
voted,0.0
ticked,-0.4215
announcing,0.0
laughed,0.4588
fantastical,0.4588
peaked,0.0
lie,0.0
underwhelming,0.0
engineered,0.0
dimensional,0.0
salty,0.0
seein,0.0
survive,0.0
rocks,0.0
begun,0.0
virgin,0.0
galactic,0.0
sinking,0.0
cashed,0.0
voting,0.0
pelosi,0.0
tremendous,0.0
frigging,0.0
price,0.0
note,0.0
noticing,0.0
protective,0.0
piss,-0.4019
minted,0.0
bulls,0.0
raging,-0.5267
decide,0.0
subpoena,0.0
emagin,0.0
brilliant,0.5859
enchanted,0.3818
mere,0.0
bingo,0.0
successful,0.5859
optiontrading,0.0
worldview,0.0
prospects,0.29600000000000004
fuking,-0.6369
pitching,0.0
booking,0.0
echodrive,0.0
landmark,0.0772
impressive,0.5106
previously,0.0
letting,0.0
timing,0.0
congrats,0.5267
collects,0.0
focused,0.3818
seamless,0.0
coordinated,0.0
fastgraphs,0.0
bayern,0.0
exercise,0.0
onemain,0.0
dates,0.0
compare,0.0
chronic,0.0
departing,0.0
disclosed,0.0
submits,0.0
winning,0.5267
surely,0.4404
eliminate,0.0
ending,0.0
noticed,0.0
checked,0.0
level,0.0
hedged,0.0
required,0.0
subordinated,0.0
decompensated,0.0
presented,0.0
unparalleled,0.0
issues,0.0
recalls,0.0
affects,0.0
advantaged,0.34
إلى,0.0
stated,0.0
payment,0.0
architectural,0.0
floating,0.0
excess,0.0
regular,0.0
exchangeable,0.0
sets,0.0
contributes,0.0
aflac,0.0
disorders,0.0
departure,0.0
abandon,-0.4404
stove,0.0
buybacks,0.0
transformative,0.0
ordinary,0.0
climbed,0.0
seismic,0.0
genfit,0.0
activated,0.0
flushing,0.0
throws,0.0
engages,0.25
advise,0.0
accredited,0.0
firearms,0.0
manifesting,0.0
transatlantic,0.0
scummy,0.0
resuming,0.0
audio,0.0
remote,0.0
suspends,0.0
signals,0.0
musical,0.0
middle,0.0
sufficiently,0.0
recovered,0.0
reinstate,0.0
harmonic,0.4215
swings,0.0
delay,-0.3182
fueled,0.0
deals,0.0
tacoberfest,0.0
preliminary,0.0
restructuring,0.0
reopen,0.0
nottheblunder,0.0
captialgains,0.0
ultimately,0.0
respected,0.4767
evaluating,0.0
berkshire,0.0
disastrous,-0.5994
sang,0.0
joking,0.2263
nervous,-0.2732
shorty,0.0
diverse,0.0
list,0.0
proceed,0.0
stockpile,0.0
built,0.0
offshore,0.0
principal,0.0
lent,0.0
uscellular,0.0
moon,0.0
dumbass,-0.5574
tend,0.0
mistake,-0.34
leaps,0.0
nonexistent,0.0
multifamily,0.0
curl,0.0
worse,-0.4767
upsizing,0.0
connor,0.0
surreal,0.0
died,-0.5574
conservatively,0.0
fantag,0.0
snitch,0.0
buzz,0.0
representing,0.0
inlcuding,0.0
etrade,0.0
temporarily,0.0
citing,0.0
identical,0.0
manipulating,-0.3612
written,0.0
simply,0.0
taken,0.0
topping,0.0
noise,0.0
generalelectric,0.0
moment,0.0
fade,0.0
lmfunding,0.0
sparked,0.0
vacation,0.0
risks,-0.2732
pronounce,0.0
hennessy,0.0
honored,0.5859
young,0.0
rant,-0.34
expire,0.0
showcases,0.0
ktsat,0.0
replace,0.0
hammered,0.0
opposed,0.0
rolls,0.0
midcap,0.0
gross,-0.4767
siyatamobile,0.0
cabotcorp,0.0
worsen,-0.5106
widens,0.0
expires,0.0
spotify,0.0
causing,0.0
veoneer,0.0
mobile,0.0
consolidates,0.0
حتى,0.0
coiled,0.0
allows,0.0
empathy,0.0
fifa,0.0
succeed,0.4939
overweight,-0.3612
downgrades,0.0
cenovus,0.0
slashes,-0.2023
ranks,0.0
sixth,0.0
prolonged,0.0
reorganize,0.0
perform,0.0
capitalizing,0.0
reinitiated,0.0
assumed,0.0
الداخل,0.0
الدخول,0.0
قرارك,0.0
exlservice,0.0
watchpat,0.0
apnea,0.0
itamarmedical,0.0
bancodobrasil,0.0
trimble,0.0
develops,0.0
solutions,0.1779
pledges,0.0
licensing,0.0
intraosseous,0.0
vascular,0.0
finalizing,0.0
newly,0.0
commissioning,0.0
produced,0.0
fernandez,0.0
reporting,0.0
muscular,0.0
drills,0.0
grading,0.0
acknowledges,0.0
obvious,0.0
allocetra,0.0
reveal,0.0
topical,0.0
lumify,0.0
bases,0.0
canopy,0.0
infused,0.0
drives,0.0
amberleaf,0.0
executes,0.0
ørsted,0.0
globally,0.0
notes,0.0
reilly,0.0
cubic,0.0
allstate,0.0
boosts,0.3182
reflecting,0.0
modern,0.0
orthofixmedical,0.0
stuck,-0.25
blame,-0.34
intracoastal,0.0
markets,0.0
strain,-0.0516
cardiogenic,0.0
spend,0.0
redefine,0.0
significantly,0.0
totaling,0.0
optimized,0.4588
llc,0.0
dosing,0.0
tests,0.0
initiating,0.0
scaling,0.0
flys,0.0
compares,0.0
sebaceous,0.0
intelligent,0.4588
unavailable,0.0
futile,-0.4404
unsecured,-0.3818
challenger,0.128
reluctant,-0.25
nominates,0.0
solidbiosciences,0.0
blank,0.0
ergonomic,0.0
designed,0.0
digitalasset,0.0
biocept,0.0
cerebrospinal,0.0
fluid,0.0
iaslc,0.0
enables,0.0
hdmi,0.0
demanding,-0.2263
intellectual,0.5106
wholly,0.0
eluting,0.0
separate,0.0
commencing,0.0
invites,0.0
sundial,0.0
enabled,0.0
internal,0.0
innovate,0.4939
proceeds,0.0
align,0.0
tracing,0.0
exceptional,0.0
celebrating,0.5719
biomedical,0.0
genetic,0.0
cumulus,0.0
الـ,0.0
communicate,0.0
olinciguat,0.0
omnichannel,0.0
stocktrading,0.0
equals,0.0
dilutive,0.0
involving,0.0
lifts,0.0
tallest,0.0
alternative,0.0
ultra,0.0
rugged,0.0
participating,0.0
fitwel,0.0
viral,0.0
abdominal,0.0
irritable,-0.4767
dollarstocks,0.0
cleaner,0.1779
combats,-0.2023
kissed,0.3818
subsidiary,0.0
realizes,0.0
phunware,0.0
solving,0.34
europe,0.0
workplace,0.0
unamplified,0.0
reaching,0.2023
coherent,0.0
mullen,0.0
accepting,0.3818
ellipses,0.0
goldmining,0.0
gldg,0.0
ferring,0.0
thursdaymorning,0.0
buckle,0.0
greenhouse,0.0
jobless,0.0
perpetual,0.0
uhnw,0.0
shops,0.0
scorecard,0.0
survey,0.0
richer,0.5267
travel,0.0
laureates,0.0
delisted,0.0
brand,0.0
mesenchymal,0.0
stromal,0.0
matched,0.0
deploys,0.0
epyc,0.0
dedicated,0.4588
occidental,0.0
sale,0.0
onshore,0.0
doubleline,0.0
opportunistic,-0.0258
assumes,0.0
hitrust,0.0
csf,0.0
presents,0.0
tennant,0.0
newest,0.0
robotic,0.0
sponsors,0.0
navigating,0.0
enable,0.0
specialty,0.0
telehealth,0.0
constant,0.0
treated,0.0
smartfresh,0.0
unveils,0.0
truecar,0.0
enhances,0.0
unsolicited,0.0
binding,0.0
devops,0.0
aea,0.0
exceeds,0.0
crackle,0.0
wilts,0.0
advantages,0.3612
brief,0.0
numerous,0.0
letsgo,0.0
collect,0.0
unrestricted,0.0
initiate,0.0
approve,0.0
bell,0.0
gooooo,0.0
notifying,0.0
cancelled,-0.25
partnered,0.0
cardiovascular,0.0
building,0.0
securely,0.34
ovet,0.0
confusing,-0.2263
sooooo,0.0
ripppper,0.0
employed,0.0
cancels,-0.2263
cranking,0.0
nibbled,0.0
carnival,0.0
bound,0.0
whewwww,0.0
serves,0.0
maritime,0.0
bloated,0.0
spinning,0.0
bigtoken,0.0
chiropractic,0.0
observes,0.0
decrease,0.0
accidental,-0.0772
donates,0.0
racial,0.0
extremely,0.0
sleek,0.0
attract,0.3612
excellent,0.5719
awake,0.0
flies,0.0
sexier,0.0
bent,0.0
lotto,0.0
moneypigtrading,0.0
selective,0.0
empowering,0.0
skilled,0.0
pds,0.0
biotech,0.0
protect,0.3818
force,0.0
training,0.0
pares,0.0
forecasts,0.0
investigating,0.0
degraded,-0.4215
reachable,0.0
resumes,0.0
cave,0.0
celsius,0.0
pharmaceuticals,0.0
unlock,0.0
solve,0.2023
stimulating,0.4404
elected,0.0
pumps,0.0
rebound,0.0
kow,0.0
consolidate,0.0
highs,0.0
reissuing,0.0
designate,0.0
aid,0.0
hopes,0.4215
allocate,0.0
optimistic,0.3182
closer,0.0
issue,0.0
kind,0.5267
ultimate,0.0
stratus,0.0
breach,0.0
fiduciary,0.0
confirming,0.0
ideally,0.4215
workapps,0.0
reaches,0.0516
throwback,0.0
returns,0.0
dynamic,0.3818
optimize,0.4939
attacking,-0.4588
dumps,-0.4019
declare,0.0
bihhhhhh,0.0
diverge,0.0
handles,0.0
wash,0.0
nonstop,0.0
gliding,0.0
washed,0.0
shutting,0.0
biological,0.0
approximately,0.0
upld,0.0
housingwire,0.0
cleaning,0.0
emrg,0.0
mkts,0.0
loved,0.5994
prevent,0.0258
french,0.0
commit,0.29600000000000004
realize,0.0
distribute,0.0
presenting,0.0
pooled,0.0
natural,0.3612
suggests,0.0
cautious,-0.1027
essential,0.0
attributed,0.0
cynopsis,0.0
venmo,0.0
likes,0.4215
gadget,0.0
shagging,0.0
bearish,0.0
shifting,0.0
reliably,0.0
speeds,0.0
annoying,-0.4019
transitioned,0.0
apply,0.0
easier,0.4215
pointing,0.0
contract,0.0
alums,0.0
enjoying,0.5267
remdesivir,0.0
distributed,0.0
measured,0.0
boooooooom,0.0
preleasing,0.0
odin,0.0
rattled,0.0
volvo,0.0
replaced,0.0
accumulated,0.0
applauds,0.34
declaring,0.0
overreliance,0.0
elements,0.0
mounts,0.0
stepping,0.0
entry,0.0
amended,0.0
disappointed,-0.4767
succumb,0.0
undercutting,0.0
degenerate,0.0
tack,0.0
piking,0.0
cools,0.0
advises,0.0
everytime,0.0
rating,0.0
netflix,0.0
congressional,0.0
inducement,0.0
figure,0.0
hologic,0.0
pronged,0.0
tackling,0.0
imperative,0.0
icf,0.0
chinook,0.0
nanox,0.0
tactile,0.0
dragoneer,0.0
adicet,0.0
shmuck,0.0
bolsters,0.0
guides,0.0
rishhhhhhhhhhhhhhhhhhhhhhhhhhhhhhhhhhhhhhhhhhhhhhhhhhhhhhhhhhhhhhhhhhhhhhhhhhhhhhhhhhhhhhhhhhhhhhhh,0.0
simplified,0.0
tactical,0.0
betterinvesting,0.0
pinto,0.0
diversified,0.0
deluxe,0.0
ashford,0.0
fundamental,0.0
rdp,0.0
directors,0.0
glad,0.4588
smartway,0.0
classifieds,0.0
discontinued,0.0
directed,0.0
topbuild,0.0
garland,0.0
insulating,0.0
cellular,0.0
charitable,0.4019
nuveen,0.0
vital,0.29600000000000004
automatic,0.0
transferable,0.0
hercules,0.0
brazilian,0.0
allowing,0.0
reportedly,0.0
flooded,0.0
passes,0.0
centres,0.0
avalonbay,0.0
inclusive,0.0
advisory,0.0
approving,0.0
amendments,0.0
restated,0.0
picks,0.0
applied,0.0
discover,0.0
voluntary,0.0
supplemental,0.0
act,0.0
reinstates,0.0
reduces,0.0
overwhelming,0.0
foulkes,0.0
boating,0.0
pseg,0.0
iscc,0.0
hygiene,0.0
warns,-0.1027
rims,0.0
tires,0.0
replacing,0.0
discloses,0.0
southern,0.0
stock,0.0
capped,0.0
unheardof,0.0
okay,0.2263
roughly,0.0
tablets,0.0
urge,0.0
introducing,0.0
smackin,0.0
mln,0.0
interviewed,0.0
sticking,0.0
expired,0.0
immune,0.29600000000000004
return,0.0
outdoors,0.0
realizing,0.0
elite,0.0
younger,0.0
closingthoughts,0.0
proper,0.0
click,0.0
rush,0.0
scale,0.0
attracting,0.4767
guide,0.0
rejected,-0.5106
siriusxm,0.0
smokey,0.0
burn,0.0
vaneck,0.0
ameristate,0.0
wonder,0.0
traveled,0.0
respect,0.4767
limitless,0.0
revive,0.34
crushing,-0.3612
monoclonal,0.0
relevant,0.0
face,0.0
iwand,0.0
studentwellbeing,0.0
covidbriefing,0.0
sooo,0.0
ppe,0.0
adaptive,0.0
سلبي,0.0
poorer,-0.3612
nitricoxide,0.0
enjoy,0.4939
sues,0.0
complement,0.0
sng,0.0
illegal,-0.5574
cerebral,0.0
azure,0.0
allow,0.2263
summarize,0.0
barnier,0.0
vdl,0.0
qoq,0.0
innate,0.0
accepts,0.3182
industries,0.0
schedule,0.0
ossen,0.0
haffner,0.0
authorized,0.0
saline,0.0
rated,0.0
trumphascovid,0.0
comscore,0.0
evolving,0.0
pebble,0.0
aphria,0.0
dollarsotck,0.0
synthetic,0.0
lenzilumab,0.0
uncf,0.0
postgraduate,0.0
japanese,0.0
indolent,0.0
naked,0.0
publication,0.0
result,0.0
isett,0.0
tun,0.0
fears,-0.4215
brainstorm,0.0
azzinc,0.0
spark,0.2263
drones,0.0
integrated,0.0
murphyoil,0.0
unlikely,0.0
objective,0.0
bdi,0.0
bluebirdbio,0.0
lyondellbasell,0.0
servs,0.0
tender,0.0
balanced,0.0
plenary,0.0
baseline,0.0
otividex,0.0
radware,0.0
postponement,0.0
reworked,0.0
select,0.0
quietly,0.0
hiring,0.0
increasingly,0.0
narrow,0.0
waking,0.0
stretching,0.0
snubbed,-0.4588
posts,0.0
demonstrating,0.0
chiesi,0.0
insmed,0.0
plenty,0.0
shines,0.0
avient,0.0
dodd,0.0
hungry,0.0
labcorp,0.0
immunome,0.0
derivative,0.0
incapacitated,-0.4404
residence,0.0
shadowlands,0.0
manufactured,0.0
intersect,0.0
generic,0.0
treatments,0.0
powered,0.0
receivable,0.0
follows,0.0
bmn,0.0
utilizing,0.0
express,0.0
elects,0.0
bizarre,-0.3182
routine,0.0
screenxx,0.0
payrolls,0.0
est,0.0
reflected,0.0
nautic,0.0
improving,0.4215
highly,0.0
ethos,0.0
tidutamab,0.0
neuroendocrine,0.0
multidisciplinary,0.0
neuromorphic,0.0
exempt,0.1027
zynga,0.0
schnell,0.0
società,0.0
segmento,0.0
hyper,0.0
casual,0.2023
extraordinary,0.0
resulting,0.0
surrounding,0.0
prospective,0.0
randomized,0.0
tracks,0.0
rebalancing,0.0
patented,0.0
saves,0.0
mailing,0.0
enhancing,0.0
cabling,0.0
event,0.0
limit,0.0
computing,0.0
compulsory,0.0
blockchain,0.0
bouncingggg,0.0
spoken,0.0
contest,0.0
profited,0.3182
bland,0.0
settled,0.0
agricultural,0.0
given,0.0
serving,0.0
infected,-0.4939
mojo,0.0
remaster,0.0
commandcentral,0.0
backwards,0.0
pictures,0.0
chartidea,0.0
beaten,-0.4215
warned,-0.2732
remarkai,0.0
safetyfirst,0.0
transportation,0.0
stakes,0.0
dusted,0.0
cracking,0.0
gawn,0.0
rt,0.0
pinch,0.0
south,0.0
recover,0.0
ripe,0.0
corona,0.0
waite,0.0
received,0.0
davesbonusplay,0.0
funded,0.0
israeli,0.0
fridays,0.0
avoiding,-0.34
whacked,0.0
block,-0.4404
kicked,0.0
ohhhhhhhhh,0.0
assured,0.3612
sealed,0.0
plaid,0.0
structural,0.0
awaiting,0.0
demand,-0.128
trimming,0.0
stochastic,0.0
react,0.0
magical,0.0
gobbling,0.0
nasdaqlisted,0.0
bank,0.0
highlight,0.34
caribbean,0.0
mexican,0.0
known,0.0
decelerating,0.0
stage,0.0
searchlight,0.0
positioning,0.0
decrypt,0.0
campaign,0.0
itaú,0.0
xtant,0.0
smoked,0.0
indian,0.0
warzonescript,0.0
proprietary,0.0
heads,0.0
toasted,0.0
cognizant,0.0
performing,0.0
collaborative,0.0
unleashed,0.0
comedic,0.4019
met,0.0
tasted,0.0
rely,0.0
fueling,0.0
urgent,0.2023
encourages,0.4404
contracts,0.0
stent,0.0
wyd,0.0
drone,0.0
denies,-0.4215
adopting,0.0
buick,0.0
underscoring,0.0
civil,0.0
resources,0.0
tempted,0.0
demo,0.0
definitely,0.4019
authorizing,0.0
disagree,-0.3818
announc,0.0
hmmmmm,0.0
beeautiful,0.0
walked,0.0
immutable,0.0
sharktank,0.0
يا,0.0
committed,0.2732
spoke,0.0
typo,0.0
friggin,0.0
energy,0.2732
longs,0.0
blast,0.0
owning,0.0
furlough,0.0
compete,0.0
electrified,0.0
finished,0.0
sanwire,0.0
targ,0.0
shy,-0.25
hf,0.0
substantively,0.0
rally,0.0
intended,0.0
stack,0.0
lived,0.0
proved,0.0
preach,0.0
marrying,0.0
married,0.0
whipped,0.0
boats,0.0
dismantled,0.0
predicted,0.0
aditxtengage,0.0
pennantpark,0.0
untreated,0.0
unresectable,0.0
malignant,0.0
pleural,0.0
warning,-0.34
shrs,0.0
worthy,0.4404
hawaiian,0.0
fromthe,0.0
resected,0.0
brookfield,0.0
hsic,0.0
compliance,0.0
fatigued,-0.34
granting,0.3182
eastside,0.0
distilling,0.0
branding,0.0
delisting,0.0
ebit,0.0
merchandising,0.0
halloween,0.0
investigate,0.0
seasoned,0.0
investigates,0.0
profile,0.0
aimovig,0.0
episodic,0.0
facebook,0.0
haemonetics,0.0
bankofmarin,0.0
aptorumgroup,0.0
أكرمكم,0.0
خساير,0.0
ذلك,0.0
أعجبك,0.0
refuge,0.0
eafe,0.0
pupcharts,0.0
aducanumab,0.0
sustained,0.0
targeted,0.0
slows,0.0
geographic,0.0
kidding,0.1027
resistant,0.0
noted,0.0
maturing,0.0
discipline,0.0
teach,0.0
nitric,0.0
substance,0.0
feeling,0.128
twitter,0.0
sales,0.0
tells,0.0
alot,0.0
otcqb,0.0
dragged,-0.0516
fricken,0.0
packed,0.0
underestimate,-0.29600000000000004
buffet,0.0
mathematical,0.0
identified,0.0
corrective,0.0
retinitis,0.0
drreddys,0.0
larry,0.0
allegiancebancshares,0.0
murphyusa,0.0
novocure,0.0
kamalaharrisvp,0.0
donaldtrump,0.0
phenylketonuria,0.0
friended,0.4019
brought,0.0
initially,0.0
pursued,0.0
contacted,0.0
hedge,0.0
prescribed,0.0
seeks,0.0
reset,0.0
experience,0.0
scheduling,0.0
implies,0.0
restrictive,0.0
bringing,0.0
guys,0.0
favor,0.4019
clobbered,0.0
lux,0.0
unstoppable,-0.2023
fastest,0.0
restarted,0.0
diversify,0.0
believeinpaula,0.0
choppy,0.0
risked,-0.2263
favourite,0.0
immediate,0.0
covering,0.0
revisit,0.0
onboarding,0.0
releasing,0.0
saving,0.0
certainly,0.34
decentralized,0.0
random,0.0
spanish,0.0
clears,0.0772
pcs,0.0
printed,0.0
constructed,0.0
novartis,0.0
demonstrated,0.0
corrected,0.0
persistent,0.0
settle,0.0
tilray,0.0
elbitsystems,0.0
allot,0.0
cyberthreats,0.0
regains,0.0
requirement,0.0
minimum,0.0
amdocs,0.0
edison,0.0
realreal,0.0
nanostring,0.0
trustees,0.0772
gilead,0.0
rear,0.0
relapsed,0.0
refractory,0.0
synexis,0.0
introduce,0.0
blastic,0.0
dendritic,0.0
biomx,0.0
outlining,0.0
reaffirmed,0.0
shenanigans,0.0
hldgs,0.0
facslyric,0.0
facsduet,0.0
cumulative,0.0
axovant,0.0
registrational,0.0
mpgn,0.0
fortive,0.0
actimize,0.0
counterfeiting,0.0
gouging,0.0
danimer,0.0
igaming,0.0
edged,0.0
ganlimited,0.0
sportsbetting,0.0
partnership,0.0
reiterate,0.0
pulmonary,0.0
countless,0.0
founding,0.0
hfsa,0.0
consulting,0.0
accounting,0.0
retifanlimab,0.0
installed,0.0
recognizing,0.0
mitigating,0.0
postal,0.0
experimental,0.0
splash,0.0
intent,0.0
strategically,0.0
bhaskar,0.0
ghosh,0.0
eaves,0.0
managing,0.0
olly,0.0
lantern,0.0
damaging,-0.5106
resource,0.0
crack,0.0
equivalent,0.0
pliant,0.0
upsizes,0.0
insights,0.0
robust,0.34
lexisnexis,0.0
examone,0.0
underwriting,0.0
androgenic,0.0
subsonic,0.0
aerial,0.0
voyages,0.0
wideband,0.0
universe,0.0
accommodate,0.0
accurate,0.0
hifi,0.0
pharmaceutic,0.0
sohail,0.0
marketaxess,0.0
agile,0.0
cellulite,0.0
dermatologic,0.0
teprotumumab,0.0
telit,0.0
modules,0.0
surges,0.0
enphase,0.0
fights,-0.4019
aytubioscience,0.0
revived,0.0
boxlight,0.0
unconfirmed,-0.128
continuous,0.0
dives,0.0
deeper,0.0
dose,0.0
ensure,0.3818
reliable,0.0
implanted,0.0
celebrated,0.5719
affordable,0.0
places,0.0
awards,0.4588
phase,0.0
medifast,0.0
philanthropic,0.0
promote,0.3818
esquire,0.0
dental,0.0
securitized,0.34
demonstrates,0.0
recognizes,0.0
kimberly,0.0
incubate,0.0
luminary,0.0
schizo,0.0
nuvasive,0.0
featured,0.0
validating,0.34
prone,0.0
thrive,0.0
owens,0.0
updating,0.0
forging,0.0
surging,0.0
leaked,-0.3182
palatable,0.3818
jeeze,0.0
surfboard,0.0
proven,0.0
andré,0.0
trick,-0.0516
remotely,0.0
adopt,0.1779
tenable,0.0
lumin,0.0
swiftly,0.29600000000000004
predict,0.0
omniverse,0.0
collaborate,0.0
vodafone,0.0
revolutionary,0.0
continuously,0.0
bluefield,0.0
uncover,0.0
hrs,0.0
substantiate,0.0
teaches,0.0
recycling,0.0
treats,0.0
diabetic,0.0
macular,0.0
retinal,0.0
wolfskin,0.0
crappers,0.0
spaces,0.0
reborn,0.0
corelogic,0.0
michigan,0.0
showcasing,0.0
catalyze,0.0
commitment,0.3818
underserved,0.0
frosted,0.0
tame,0.0
rejects,-0.4939
dismiss,0.0
exact,0.0
disturbed,-0.3818
glftrickshot,0.0
brookie,0.0
affected,-0.1531
prioritize,0.0
achieving,0.0
scully,0.0
bridgeline,0.0
sabine,0.0
classic,0.0
lights,0.0
exponential,0.0
accretive,0.0
inhibit,-0.3818
ravages,0.0
robbing,0.0
thankful,0.5719
correcting,0.0
lagger,0.0
lately,0.0
tricky,-0.1531
globalcapital,0.0
foresite,0.0
sense,0.0
coating,0.0
assemble,0.0
bulk,0.0
commemorates,0.0
inspired,0.4939
locking,0.0
committment,0.0
minimal,0.0
backtoschool,0.0
fumble,0.0
tnf,0.0
crisp,0.0
sit,0.0
mysterious,0.0
slide,0.0
pressrelease,0.0
destigmatize,0.0
chomping,0.0
unclear,-0.25
forgotten,-0.2263
heinzed,0.0
insulated,0.0
surprisingly,0.29600000000000004
resilient,0.0
biobased,0.0
picked,0.0
triggers,0.0
pinching,0.0
remastered,0.0
scooooting,0.0
ustglobal,0.0
tries,0.0
ion,0.0
deserved,0.0
clearing,0.0
transport,0.0
slack,0.0
pareteum,0.0
scared,-0.4404
heady,0.0
regain,0.0
rebuild,0.0
madeinusa,0.0
nonprofit,0.0
nimble,0.0
ll,0.0
swiss,0.0
dreaded,-0.5719
fanfare,0.0
soared,0.0
helloooo,0.0
arrested,-0.4767
able,0.0
typically,0.0
fairing,0.0
reversal,0.0
sued,0.0
rushing,0.0
statewide,0.0
dispensed,0.0
skincare,0.0
highyield,0.0
spregional,0.0
manpowergroup,0.0
accessible,0.0
print,0.0
interactive,0.0
poss,0.0
reclaim,0.0
anout,0.0
pints,0.0
roof,0.0
bsloq,0.0
fails,-0.4215
crush,-0.1531
blew,0.0
breakout,0.0
scurred,0.0
zooming,0.0
explode,0.0
removing,0.0
unnecessary,0.0
institutional,0.0
renovation,0.0
noaa,0.0
shaping,0.0
date,0.0
functional,0.0
electrical,0.0
reiterates,0.0
nortonlifelock,0.0
discovering,0.0
purifier,0.0
gooo,0.0
boogie,0.0
shortseller,0.0
rhyme,0.0
ver,0.0
potstocks,0.0
virtus,0.0
sector,0.0
lot,0.0
moooooooove,0.0
ph,0.0
united,0.4215
expectant,0.0
navigate,0.0
choose,0.0
lifting,0.0
deserves,0.0
affirmative,0.0
treating,0.0
sweep,0.0
gearing,0.0
eventually,0.0
dilution,0.0
typical,0.0
blocks,-0.2263
exceeded,0.0
urges,0.0
nears,0.0
internationally,0.0
overwhelmingly,-0.128
auryn,0.0
eastmain,0.0
emotional,0.1531
money,0.0
shown,0.0
tightening,0.0
terrible,-0.4767
spent,0.0
expat,0.0
founded,0.0
creating,0.29600000000000004
supernus,0.0
cariboo,0.0
creation,0.2732
omburtamab,0.0
lifileucel,0.0
recharge,0.0
plymouth,0.0
cobomarsen,0.0
patients,0.0
cutaneous,0.0
discontinues,0.0
capabilities,0.0
redeemable,0.0
boooooom,0.0
broadest,0.0
computational,0.0
authorizes,0.0
neratinib,0.0
biocryst,0.0
interpublic,0.0
يقولون,0.0
ستعلن,0.0
intermodal,0.0
rivernorth,0.0
timed,0.0
raced,0.0
sank,0.0
naval,0.0
arginase,0.0
estimates,0.0
form,0.0
insitutional,0.0
piedmont,0.0
epitome,0.0
fancy,0.0
concludes,0.0
stylish,0.0
wabash,0.0
credits,0.3612
nitrous,0.0
versatile,0.0
syneos,0.0
everest,0.0
streamline,0.0
logitech,0.0
converted,0.0
comon,0.0
salaries,0.0
doubble,0.0
unfollow,0.0
thinks,0.0
grocery,0.0
spotted,0.0
panic,-0.5106
laughing,0.4939
unrealistic,0.0
swipes,0.0
slowing,0.0
electricvehicles,0.0
hess,0.0
shenzi,0.0
lf,0.0
nab,0.0
rebrands,0.0
threatens,-0.3818
ariba,0.0
autonomous,0.0
finnally,0.0
powering,0.0
bolster,0.0
enormous,0.0
jumps,0.0
scorched,0.0
raising,0.0
passing,0.0
bridge,0.0
northwestern,0.0
bashing,0.0
usurp,0.0
accounts,0.0
pacificdrilling,0.0
cinemark,0.0
settles,0.0
lawsuits,-0.1531
arrrrvo,0.0
rejoice,0.4404
shelves,0.0
trusted,0.4767
technicalanalysis,0.0
cuts,-0.29600000000000004
enhanze,0.0
subsidizes,0.0
furloughed,0.0
emea,0.0
exec,0.0
outperforms,0.0
shortsqueeze,0.0
establish,0.0
tampere,0.0
digging,0.0
exciting,0.4939
complains,-0.3818
reappears,0.0
dataviz,0.0
scndollhivol,0.0
communicationservices,0.0
attractive,0.4404
directionally,0.0
girly,0.0
pimped,0.0
forecast,0.0
iboxx,0.0
monster,0.0
upward,0.0
marijuanastocks,0.0
extract,0.0
permanently,0.0
muted,0.0
proof,0.0
والبيع,0.0
منصة,0.0
المستعملة,0.0
شركات,0.0
التقييم,0.0
shitty,-0.5574
borrow,0.0
lean,0.0
outward,0.0
central,0.0
involved,0.0
wiped,0.0
cometh,0.0
tickle,0.0
writing,0.0
genetictesting,0.0
phases,0.0
overhead,0.0
starter,0.0
thermalscanning,0.0
weaponscanning,0.0
position,0.0
breakeven,0.0
intraday,0.0
dusruptive,0.0
foolish,-0.2732
hust,0.0
feels,0.0
undisclosed,0.0
attending,0.0
overseas,0.0
justify,0.0
awhile,0.0
pouring,0.0
southwestern,0.0
joining,0.0
upper,0.0
elec,0.0
refused,-0.29600000000000004
prepared,0.2263
runner,0.0
outdated,0.0
commissioned,0.0
lured,0.0
walk,0.0
unfortunate,-0.4588
rewarded,0.4939
reps,0.0
aware,0.0
smacked,0.0
platform,0.0
accelerating,0.0
pointed,0.0
complain,-0.3612
للمهتمين,0.0
rotated,0.0
inverted,0.0
acid,0.0
pimping,0.0
enjoys,0.5106
hedging,0.0
investorslive,0.0
stem,0.0
nutritional,0.0
inbound,0.0
dakt,0.0
dplo,0.0
aptx,0.0
invasively,0.0
detects,0.0
subtle,0.0
magnetic,0.0
cooking,0.0
staying,0.0
sexy,0.5267
combine,0.0
assuming,0.0
mentions,0.0
relating,0.0
knock,0.0
pricks,-0.2263
outting,0.0
advising,0.0
considering,0.0
recommending,0.0
injunctive,0.0
reflective,0.0
logical,0.0
progressive,0.0
cause,0.0
thunk,0.0
stronger,0.3818
reits,0.0
knowing,0.0
ssof,0.0
frtd,0.0
svsn,0.0
dangerous,-0.4767
averaged,0.0
swingpick,0.0
clover,0.0
triggering,0.0
softwaredeveloper,0.0
pioneered,0.0
radar,0.0
honestly,0.4588
burnt,0.0
notify,0.0
discovered,0.0
disagreement,-0.3612
overvalued,0.0
dems,0.0
delist,0.0
tired,-0.4404
fukked,0.0
grossly,-0.2263
lucky,0.4215
uncharged,0.0
inducted,0.0
grew,0.0
importantly,0.3182
verge,0.0
impacting,0.0
customized,0.0
mounted,0.0
assisted,0.0
vaccibody,0.0
bands,0.0
assholes,-0.5859
ideas,0.0
attainable,0.0
doable,0.0
reaming,0.0
taunting,0.0
recognize,0.0
necessary,0.0
imply,0.0
wakey,0.0
sleepy,0.0
comfortable,0.5106
efficacious,0.0
attacked,-0.4588
instant,0.0
apologize,0.1027
cracked,0.0
whoopsie,0.0
nowadays,0.0
sneezes,0.0
incrementally,0.0
guarantee,0.25
tweet,0.0
limbo,0.0
tropical,0.0
cuban,0.0
adverse,-0.3612
tolerated,0.0
negotiating,0.0
bulltraped,0.0
stopping,-0.1531
watchin,0.0
imbecile,-0.4939
momentus,0.0
median,0.0
quoted,0.0
suprised,0.0
poorly,0.0
generous,0.5106
radical,0.0
burning,0.0
reacting,0.0
instructed,0.0
bottomdwelling,0.0
carrying,0.0
bangalore,0.0
health,0.0
goood,0.0
extensively,0.0
deficit,-0.4019
historic,0.0
exception,0.0
lining,0.0
peers,0.0
powerhour,0.0
brundage,0.0
murdering,-0.6486
pivoted,0.0
evaluate,0.0
breath,0.0
reducing,0.0
threading,0.0
unnafected,0.0
extinguish,0.0
fasten,0.0
hypothetical,0.0
pulverized,0.0
psychological,0.0
fig,0.0
skyrocket,0.0
exercising,0.0
dowjones,0.0
button,0.0
ily,0.6597
irrational,-0.34
screenshare,0.0
crap,-0.3818
clearly,0.4019
impossible,0.0
vetting,0.0
maximum,0.0
electromedical,0.0
unwilling,0.0
explore,0.0
rocketing,0.0
nasty,-0.5574
higdon,0.0
artesian,0.0
chewing,0.0
psy,0.0
foul,0.0
flagged,0.0
hahhahaa,0.0
bullettrain,0.0
alongside,0.0
fits,0.0
turnt,0.0
tripling,0.0
indicted,0.0
lovely,0.5859
lies,-0.4215
jogging,0.0
recommended,0.2023
mania,0.0
asding,0.0
useless,-0.4215
reckless,-0.4019
guaranteed,0.0
cruising,0.0
equitytrading,0.0
taps,0.0
finance,0.0
bubbleboard,0.0
toxic,0.0
dealt,0.0
grateful,0.4588
hurry,0.0
silent,0.0
sparks,0.0
ill,-0.4215
forms,0.0
ripped,0.0
thebest,0.0
asymptomatic,0.0
sequentially,0.0
ruined,-0.4767
hurt,-0.5267
oversee,0.0
fir,0.0
seabourn,0.0
mkr,0.0
pancreatic,0.0
caused,0.0
axles,0.0
medium,0.0
afterhoursscan,0.0
outlook,0.0
allegedly,0.0
sabotaged,0.0
spiker,0.0
uncertain,-0.29600000000000004
adjusted,0.0
intimates,0.0
swimwear,0.0
marketed,0.0
crazies,0.0
accuse,-0.2023
publishing,0.0
tag,0.0
aligned,0.0
convinced,0.4019
cytomx,0.0
flipping,0.0
goldman,0.0
earning,0.0
washout,0.0
longed,0.0
resign,-0.34
beating,-0.4588
blowout,0.0
ingrate,0.0
verify,0.0
blindly,0.0
locks,0.0
democratic,0.0
congratulates,0.0
imposed,-0.0772
suspect,-0.29600000000000004
marks,0.0
advantage,0.25
hesitate,-0.2732
enjoyed,0.5106
stern,0.0
trailed,0.0
inherent,0.0
negotiate,0.0
lasted,0.0
distinct,0.0
acbi,0.0
understandable,0.0
daytime,0.0
firefighting,0.0
westrock,0.0
thermal,0.0
municipal,0.0
anchored,0.0
invalidate,0.0
onavo,0.0
entrench,0.0
wresting,0.0
suspend,-0.3182
idea,0.0
perso,0.0
learndaytrading,0.0
moves,0.0
diaz,0.0
smooth,0.0
comment,0.0
tricked,-0.1531
ah,0.0
drgv,0.0
false,0.0
repeats,0.0
coded,0.0
longest,0.0
sooner,0.0
offsetting,0.0
northeastern,0.0
threatening,-0.5267
oem,0.0
parbolic,0.0
technologically,0.0
demonstrate,0.0
revenue,0.0
قرب,0.0
عليه,0.0
warn,-0.1027
radian,0.1027
curled,0.0
pooling,0.0
loaned,0.0
simple,0.0
rebounding,0.0
relatively,0.0
fda,0.0
checks,0.0
refresher,0.0
manufacture,0.0
purposefully,0.0
alleges,0.0
value,0.34
trickling,-0.0516
worldly,0.0
executed,0.0
piemonte,0.0
momentous,0.0
immenient,0.0
redundant,0.0
lack,-0.3182
stellar,0.0
established,0.0
landec,0.0
minded,0.0
underwater,0.0
basic,0.0
budgeted,0.0
الرسمي,0.0
فوجدت,0.0
المحببة,0.0
compiled,0.0
relentlessly,0.0
needless,0.0
fountainhead,0.0
lithium,0.0
action,0.0
realtime,0.0
quanterix,0.0
limiting,0.0
warrants,0.0
esi,0.0
grades,0.0
sizable,0.0
celanese,0.0
qanon,0.0
accolade,0.0
insiders,0.0
size,0.0
hardest,0.0
risk,-0.2732
differentiate,0.0
flight,0.0
sniffer,0.0
joebiden,0.0
joesniffer,0.0
replicate,0.0
refuse,-0.29600000000000004
draftkings,0.0
malicious,0.0
fremont,0.0
performed,0.0
waaay,0.0
romeo,0.0
disinfected,0.0
harm,-0.5423
counting,0.0
messed,-0.34
supposedly,0.0
scares,-0.34
unsuccessful,-0.3612
viewing,0.0
hours,0.0
timee,0.0
twin,0.0
relateds,0.0
sadly,-0.4215
snobby,-0.4019
wields,0.0
ytd,0.0
compounded,0.0
tomporw,0.0
tippy,0.0
slee,0.0
funnish,0.0
agus,0.0
filthy,0.0
line,0.0
farken,0.0
insider,0.0
carried,0.0
taxes,0.0
pdufa,0.0
intravenous,0.0
postoperative,0.0
racked,0.0
personally,0.0
mandiant,0.0
timely,0.0
unprecedented,0.0
thoughts,0.0
rewriting,0.0
drove,0.0
wear,0.0
surpass,0.0
acting,0.0
flip,0.0
subscribing,0.0
熊市,0.0
股市,0.0
futurestrading,0.0
stockstobuy,0.0
pennies,0.0
upsize,0.0
supported,0.3182
defended,0.0
highlighted,0.0
giants,0.0
healthier,0.0
grown,0.0
processed,0.0
spoiling,0.0
webcasting,0.0
properly,0.0
strapped,0.0
rapidly,0.0
spikes,0.0
mgic,0.0
etonpharmaceuticals,0.0
fabulous,0.5267
erratically,0.0
entertaining,0.4404
supplying,0.0
maliciously,0.0
sabotaging,0.0
beamglobal,0.0
viacomcbs,0.0
heats,0.0
applying,0.0
denied,-0.4404
contacting,0.0
controls,0.0
parked,0.0
archimedes,0.0
hycroftmining,0.0
pushes,0.0
securing,0.3182
knocking,0.0
ppesi,0.0
products,0.0
stranger,0.0
comfortably,0.4215
verypleased,0.0
interimfinancials,0.0
anxious,-0.25
cashflow,0.0
mindset,0.0
snapchat,0.0
typed,0.0
searched,0.0
brokered,0.0
palisades,0.0
coin,0.0
occurred,0.0
verified,0.0
stamping,0.0
stifling,0.0
stretched,0.0
bang,0.0
proposing,0.0
drastic,0.0
restricted,-0.3818
builds,0.0
supersonic,0.0
hurting,-0.4019
lasts,0.0
underway,0.0
brush,0.0
brushed,0.0
criminal,-0.5267
dropshipping,0.0
fossil,0.0
renouvelable,0.0
retraced,0.0
table,0.0
floats,0.0
undiscovered,0.0
premarketscan,0.0
buylowsellhigh,0.0
cheeky,0.0
woken,0.0
knw,0.0
upset,-0.3818
hesitated,-0.3182
urban,0.0
barclays,0.0
targeting,0.0
internap,0.0
الصفقة,0.0
cheuvreux,0.0
lequest,0.0
hunting,0.0
considers,0.0
relocating,0.0
unfriendly,-0.3612
standalone,0.0
tweeted,0.0
listening,0.0
النيكل,0.0
نيكل,0.0
صديق,0.0
ستصلون,0.0
shocard,0.0
inhalable,0.0
liposomal,0.0
hydroxychloroquine,0.0
vehemently,0.0
disagrees,-0.3182
easing,0.25
belt勘探运动前进,0.0
mccafe,0.0
wly,0.0
ethical,0.5106
bourse,0.0
corporation的mt,0.0
ample,0.0
engaging,0.34
hired,0.0
inching,0.0
riotblockchain,0.0
ponder,0.0
exactsciences,0.0
dried,0.0
deviating,0.0
grill,0.0
piecemeal,0.0
follicular,0.0
epizyme,0.0
polish,0.0
participant,0.0
honor,0.4939
gentle,0.4404
interlink,0.0
perception,0.0
centogene,0.0
manage,0.0
adopted,0.0
utilize,0.0
flaying,0.0
desperate,-0.3182
inflammatory,0.0
pathologic,0.0
resectable,0.0
underlying,0.0
intermed,0.0
inhaled,0.0
dream,0.25
withdraw,0.0
misvalued,0.0
ipsc,0.0
derived,0.0
novecite,0.0
sky,0.0
backs,-0.0516
adolescents,0.0
div,0.0
sloppy,0.0
retrospective,0.0
coronary,0.0
orbital,0.0
remdesevir,0.0
treat,0.4019
associated,0.0
searching,0.0
battling,-0.2732
apogeeenterprises,0.0
systemic,0.0
lacking,0.0
otcqx,0.0
epsmeet,0.0
shifted,0.0
responsable,0.0
solarwinds,0.0
broader,0.0
retard,-0.5267
anointed,0.0
التائية,0.0
unconcerned,-0.2263
whipping,0.0
insignificant,-0.34
inducts,0.0
execs,0.0
af,0.0
royal,0.0
unknown,0.0
stimulation,0.0
pack,0.0
quashed,0.0
postponing,-0.128
vicepresidentialdebate,0.0
closest,0.0
speculating,0.0
patriots,0.0
pricey,0.0
derisked,0.0
boyyyy,0.0
provention,0.0
biopharmaceutical,0.0
analyzes,0.0
brightest,0.6124
urovant,0.0
promotion,0.0
screams,-0.29600000000000004
preventive,0.0
conferences,0.0
dispensing,0.0
score,0.0
vfrm,0.0
earns,0.0
award,0.5423
yuuge,0.0
hardmetal,0.0
core,0.0
legitimizing,0.0
damned,-0.3818
iqvestment,0.0
terminates,0.0
neoajuvant,0.0
discretionary,0.0
sunworks,0.0
instill,0.0
tidal,0.0
shrimp,0.0
controversial,-0.2023
eclipse,0.0
spotting,0.0
pendant,0.0
shortes,0.0
eaten,0.0
competitive,0.1779
totaled,0.0
sunwave,0.0
nolockdown,0.0
mutant,0.0
syndromes,0.0
rhode,0.0
comments,0.0
thwart,0.0
denali,0.0
prophylaxis,0.0
resonant,0.0
consensu,0.0
nurtec,0.0
search,0.0
harnessing,0.0
channeled,0.0
runaway,0.0
repay,0.0
slowest,0.0
trapping,0.0
autoweb,0.0
narrowing,0.0
produces,0.0
bipolar,0.0
boast,0.0
doubling,0.0
rumored,0.0
losse,0.0
reopens,0.0
engaged,0.4019
ignores,-0.2732
obnk,0.0
meadows,0.0
marketeering,0.0
successnew,0.0
transform,0.0
augmented,0.0
immersive,0.0
nivatrotamab,0.0
untapped,0.0
arcabiopharma,0.0
suburban,0.0
ones,0.0
swiping,0.0
inflated,0.0
wonderful,0.5719
fluff,0.0
sympo,0.0
underestimating,0.0
landing,0.0
branded,0.0
demoing,0.0
aging,0.0
electronically,0.0
steered,0.0
watches,0.0
vislink,0.0
dictate,0.0
wa,0.0
masking,0.0
retesting,0.0
production,0.0
materially,0.0
links,0.0
unsolved,0.0
quadruples,0.0
hump,0.0
integral,0.0
viewable,0.0
unpredictable,0.0
submitting,0.0
floater,0.0
terrific,0.4767
pounded,0.0
deputizes,0.0
junior,0.0
yaaazz,0.0
kindredbiosciences,0.0
spirited,0.3182
considered,0.0
twists,0.0
downtrend,0.0
blasted,0.0
haulllttt,0.0
teasing,-0.0772
ualaq,0.0
leaned,0.0
reconsider,0.0
vulnerable,-0.2263
sniffing,0.0
legit,0.0
crazily,-0.3612
thinner,0.0
laggard,0.0
deserving,0.0
whatsoever,0.0
wasting,-0.4019
chances,0.2023
cry,-0.4767
tasty,0.0
vaxart,0.0
begging,0.0
الافتتاح,0.0
ugllly,0.0
netgear,0.0
oooohhhhhhhh,0.0
type,0.0
party,0.4019
pealed,0.0
natter,0.0
dang,0.0
churn,0.0
trail,0.0
soaking,0.0
crucial,0.0
ridiculously,-0.34
cocky,-0.128
bailing,0.0
langggg,0.0
retested,0.0
shortsighted,0.0
integrating,0.0
salesforce,0.0
outperformance,0.0
soaked,0.0
seventh,0.0
supply,0.0
atlassian,0.0
http,0.0
grinder,0.0
thanking,0.0
timestamped,0.0
nutty,0.0
exits,0.0
telegraphed,0.0
clorox,0.0
detect,0.0
question,0.0
fabricate,0.0
begining,0.0
rides,0.0
scalable,0.0
acted,0.0
optionadd,0.0
torched,0.0
confidence,0.5106
virtuous,0.5267
worries,-0.4215
entries,0.0
fil,0.0
taping,0.0
sideways,0.0
assure,0.34
flushes,0.0
collecting,0.0
reconning,0.0
boyssss,0.0
researched,0.0
mmnff,0.0
baffled,0.0
abuses,-0.5574
vpdebate,0.0
curls,0.0
corporati,0.0
constantly,0.0
uptick,0.0
illness,-0.4019
donated,0.0
admittedly,0.0
resist,0.0
stopthemadness,0.0
radiated,0.0
reminded,0.0
schooling,0.0
bieber,0.0
legalized,0.0
dehydrated,0.0
trimmed,0.0
raverestaurant,0.0
kicks,0.0
reshorted,0.0
handed,0.0
wicked,-0.5267
humble,0.0
worlds,0.0
ultravix,0.0
downside,-0.25
avgish,0.0
alerting,0.0
redeemed,0.3182
profits,0.4404
muscle,0.0
tutes,0.0
respectively,0.34
mounting,0.0
halti,0.0
stalking,0.0
readjust,0.0
nibbling,0.0
signaled,0.0
sset,0.0
stepped,0.0
pleased,0.4404
hhmmm,0.0
tim,0.0
civilian,0.0
hypersonic,0.0
mess,-0.3612
howard,0.0
uplisted,0.0
clocked,0.0
éthique,0.0
corrugating,0.0
embrace,0.3182
stilled,0.0
surpassed,0.0
revenues,0.0
downwards,0.0
realy,0.0
confident,0.4939
disciplined,0.0
cooled,0.0
heated,0.0
mineral,0.0
peeled,0.0
hardware,0.0
frames,0.0
occurs,0.0
ahah,0.0
gooooooooo,0.0
uplistin,0.0
htt,0.0
executing,0.0
chopped,0.0
rarely,0.0
annually,0.0
whippy,0.0
selloff,0.0
class,0.0
presser,0.0
someting,0.0
flick,0.0
matador,0.0
confront,-0.1779
optimizing,0.4588
broked,0.0
tpic,0.0
uneducated,0.0
consistent,0.0
societe,0.0
wand,0.0
indiscriminate,0.0
pipes,0.0
extensive,0.0
expressly,0.0
pioneer,0.0
bode,0.0
divided,0.0
workout,0.0
yellow,0.0
scrape,0.0
predictable,0.0
daytrader,0.0
hospitalizied,0.0
intensive,0.0
apc,0.0
oott,0.0
beendoingthisawhile,0.0
hiding,-0.29600000000000004
coverage,0.0
directly,0.0
substaintially,0.0
substaintial,0.0
exceeding,0.0
underinvested,0.0
waited,0.0
har,0.0
planning,0.0
wedbush,0.0
proly,0.0
lull,0.0
maintained,0.0
hints,0.0
dances,0.0
credited,0.3612
sound,0.0
trigger,0.0
beaming,0.0
toothbrush,0.0
invisible,0.0
additive,0.0
plotting,0.0
reward,0.5719
attn,0.0
stead,0.0
dodged,0.0
stubborn,-0.4019
ofcourse,0.0
molecular,0.0
accused,-0.29600000000000004
solarenergy,0.0
crosses,0.0
نفس,0.0
handsomely,0.4404
connecting,0.0
averaging,0.0
regards,0.0
knowledgeable,0.0
adapt,0.0
foreclosures,-0.5267
fairly,0.0
horizontal,0.0
electrotherapy,0.0
deeeep,0.0
resisting,0.0
igniting,0.0
afternoon,0.0
arcelormittal,0.0
ronin,0.0
squeezes,0.0
trips,0.0
tale,0.0
exceed,0.0
effect,0.0
goal,0.0
stashing,0.0
rainy,-0.0772
painful,-0.4404
rounds,0.0
freeport,0.0
clearer,0.0
activist,0.0
urging,0.0
arise,0.0
ppje,0.0
program,0.0
debates,0.0
canslim,0.0
bold,0.3818
restricting,-0.3818
randomly,0.0
tencent,0.0
shift,0.0
najarian,0.0
creamed,0.0
baggies,0.0
redirect,0.0
lying,-0.5267
grind,0.0
tradingtips,0.0
gong,0.0
challenging,0.1531
projects,0.0
ignore,-0.3612
underneath,0.0
idrv,0.0
suggested,0.0
invitae,0.0
bicha,0.0
eagerly,0.3818
gunna,0.0
chew,0.0
embarking,0.0
overextending,0.0
sat,0.0
flows,0.0
steal,-0.4939
downticked,0.0
stacked,0.0
depend,0.0
couple,0.0
detectible,0.0
newweek,0.0
largely,0.0
input,0.0
idled,0.0
seaworld,0.0
aboard,0.0258
rapidtest,0.0
days,0.0
tomrorow,0.0
gobble,0.0
ting,0.0
tossed,0.0
drugs,0.0
understatement,0.0
fluctuates,0.0
coincidentally,0.0
bounced,0.0
pozitive,0.0
topten,0.0
minimizing,0.0
reposition,0.0
runup,0.0
stoppped,0.0
fk,0.0
ictrade,0.0
sizing,0.0
represents,0.0
sweeper,0.0
faulty,-0.3182
pimp,0.0
bolder,0.29600000000000004
latecalls,0.0
yearly,0.0
lounge,0.0
protest,-0.25
accumulate,0.0
custo,0.0
reacted,0.0
attached,0.0
cosmetic,0.0
veterinary,0.0
asleep,0.0
minneapolis,0.0
reckoning,0.0
activates,0.0
slingshot,0.0
elevated,0.0
brightened,0.4767
feared,-0.4939
accommodative,0.0
eased,0.29600000000000004
intermeeting,0.0
shipmentzero,0.0
absent,0.0
decelerate,0.0
psyched,0.0
jurassic,0.0
paused,0.0
incorporate,0.0
provided,0.0
exist,0.0
coss,0.0
appreciate,0.4019
praying,0.3612
derekchauvin,0.0
tomorrows,0.0
scare,-0.4939
crubmling,0.0
prs,0.0
gullible,-0.3612
delusional,0.0
sketchy,0.0
knowwhatyouown,0.0
selloffs,0.0
evbattery,0.0
momentum,0.0
language,0.0
tossing,0.0
flowing,0.0
lmao,0.5994
teaching,0.0
uting,0.0
conti,0.0
decides,0.0
underperformed,0.0
smoothly,0.0
heh,-0.1531
finish,0.0
brutal,-0.6249
frozen,0.0
night,0.0
hoding,0.0
orderly,0.0
runnin,0.0
drastically,0.0
moreeee,0.0
pennyland,0.0
drawn,0.0
structurally,0.0
analogous,0.0
pappa,0.0
smelling,0.0
turd,0.0
vastly,0.0
dipppzzzzzzzzzzz,0.0
weeks,0.0
realestateagent,0.0
fuzzy,0.0
booked,0.0
looming,-0.128
rethink,0.0
lamperd,0.0
haywire,0.0
waaaaait,0.0
caged,0.0
bail,0.0
environmentally,0.0
snapping,0.0
margined,0.0
forced,-0.4588
inhibits,-0.2263
modal,0.0
stages,0.0
informed,0.0
audited,0.0
grnhq,0.0
uplists,0.0
constable,0.0
lurches,0.0
daytraded,0.0
wage,0.0
spiraling,0.0
needing,0.0
geophysical,0.0
stayed,0.0
alike,0.0
comming,0.0
busing,0.0
lest,0.0
recap,0.0
carnage,0.0
hysterical,-0.0258
endless,0.0
foreseeing,0.0
readded,0.0
broadcast,0.0
unnoticed,0.0
cryptographically,0.0
collaborating,0.0
insanely,0.0
boxes,0.0
versing,0.0
gentlemen,0.0
legitimate,0.0
cpu,0.0
fore,0.0
cheated,-0.5106
intriguing,0.0
reasoning,0.0
deeply,0.0
embedded,0.0
mass,0.0
cycling,0.0
astronauts,0.0
bigly,0.0
viniste,0.0
reassuring,0.4019
pound,0.0
realestate,0.0
smack,0.0
uhhh,0.0
valuable,0.4767
dull,-0.4019
regenerative,0.0
rocked,0.0
andy,0.0
taste,0.0
brightcove,0.0
issuance,0.0
customizable,0.0
geez,0.0
spare,0.0
padded,0.0
intradaily,0.0
canbe,0.0
oversized,0.0
dary,0.0
elysian,0.0
boasting,0.0
repricing,0.0
biogen,0.0
saratoga,0.0
cystic,0.0
talend,0.0
influential,0.4404
nable,0.0
prosthetic,0.0
interdigital,0.0
zillow,0.0
yelp,0.0
navigated,0.0
monumental,0.0
inspire,0.5719
monitor,0.0
overflows,0.0
dexcom,0.0
sweetens,0.0
millennial,0.0
research,0.0
pps,0.0
accepted,0.2732
corning,0.0
bempedoic,0.0
lowering,-0.25
familial,0.0
leg,0.0
belonging,0.0
privately,0.0
rocky,0.0
specializing,0.0
greensleeve,0.0
kfc,0.0
network,0.0
trim,0.0
projected,0.0
deleted,0.0
patience,0.0
incremental,0.0
النفط,0.0
maximize,0.0
classes,0.0
organizational,0.0
impending,0.0
kinkybash,0.0
attains,0.0
psychedelic,0.0
concrete,0.0
adjourned,0.0
graduate,0.0
nuff,0.0
deepening,0.0
programs,0.0
microsoft,0.0
concreteface,0.0
requires,0.0
longstanding,0.0
president,0.0
rid,0.0
prancing,0.0
joebidenisfeeble,0.0
vivintsolar,0.0
farther,0.0
agex,0.0
gemini,0.0
avoided,-0.34
primarily,0.0
spooked,0.0
fundamentally,0.0
blatantly,0.0
phrased,0.0
implying,0.0
presi,0.0
tagging,0.0
overnighter,0.0
incredibly,0.0
irbt,0.0
shrink,0.0
opposite,0.0
ans,0.0
bookmark,0.0
multiples,0.0
designs,0.0
everlastcapital,0.0
rejecting,-0.4588
detailed,0.0
rycel,0.0
restest,0.0
couole,0.0
daya,0.0
portant,0.0
alphatecholdings,0.0
prospering,0.0
hawaii,0.0
comedytonight,0.0
consumable,0.0
accordingly,0.0
outrageously,-0.29600000000000004
dove,0.0
chose,0.0
ullal,0.0
massively,0.0
alphatec,0.0
fixing,0.0
removed,0.0
violating,-0.5423
humbled,0.0
layered,0.0
cramer,0.0
induced,0.0
guidewiresoftware,0.0
unlocks,0.0
shout,0.0
charted,0.0
caredx,0.0
weighs,0.0
hottest,0.0
bump,0.0
resistances,0.0
tempting,0.0
antibodies,0.0
observing,0.0
upright,0.0
presidiopropertytrust,0.0
articles,0.0
chicken,0.0
neutralize,0.0
reversion,0.0
reject,-0.4019
feeding,0.0
discounted,0.0516
unveiling,0.0
instagram,0.0
urged,0.0
logs,0.0
indefinitely,0.0
polls,0.0
hails,0.0
explaining,0.0
possiblein,0.0
shix,0.0
arbitrage,0.0
greatest,0.6369
repost,0.0
openness,0.34
hardly,0.0
plugpower,0.0
transparent,0.0
goldenage,0.0
suckers,-0.5106
infomercial,0.0
usantimony,0.0
chatroom,0.0
regeneronpharmaceuticals,0.0
sophisticated,0.5574
fused,0.0
implemented,0.0
investigative,0.0
labeled,0.0
generally,0.0
loling,0.0
favorites,0.4215
utility,0.0
foreseeable,0.0
overlook,0.0
comfort,0.3612
oldest,0.0
uplistthen,0.0
determined,0.34
evolved,0.0
immensely,0.0
paparazzi,0.0
financing,0.0
sunglider,0.0
haps,0.0
stratospheric,0.0
surpassing,0.0
altitude,0.0
symmetricaltriangle,0.0
leaning,0.0
shrugging,0.0
punish,-0.5267
overdrive,0.0
bashed,0.0
agenda,0.0
midpoint,0.0
debut,0.0
phexxi,0.0
mocked,-0.3182
fetched,0.0
versus,0.0
admit,0.2023
turbotrading,0.0
unfollowed,0.0
cams,0.0
shock,-0.3818
touted,-0.0516
sleepaid,0.0
frontpagestocks,0.0
decriminalized,0.0
pompous,0.0
lectured,0.0
appreciating,0.4404
irony,-0.0516
republican,0.0
crapped,0.0
weaker,-0.4404
horrendous,-0.5859
dialing,0.0
hugely,0.0
fave,0.4404
practicing,0.0
handpicked,0.0
renowned,0.0
innovest,0.0
pursues,0.0
gate,0.0
latino,0.0
funcionando,0.0
stalk,0.0
basing,0.0
flushed,0.0
livewire,0.0
stress,-0.4215
longway,0.0
biotechnologies,0.0
sands,0.0
boombam,0.0
filipovic,0.0
dies,0.0
ring,0.0
register,0.0
vaccinated,0.0
ie,0.0
stubbornly,-0.34
costly,-0.1027
noting,0.0
underweight,0.0
consistently,0.0
suited,0.0
resigns,-0.3182
execute,0.0
spin,0.0
umpteenth,0.0
odds,0.0
ncino,0.0
spienergy,0.0
nicotinamide,0.0
slower,0.0
cancer,-0.6597
gileadsciences,0.0
novozymes,0.0
sl,0.0
rested,0.0
syncytial,0.0
growth,0.3818
arranges,0.0
iteos,0.0
perishable,0.0
monitored,0.0
differentiated,0.0
diluted,0.0
timken,0.0
popshelf,0.0
keenly,0.25
commits,0.0258
blows,0.0
supportive,0.29600000000000004
client,0.0
nationally,0.0
fao,0.0
aucoin,0.0
usac,0.0
poping,0.0
atkr,0.0
ghd,0.0
vertically,0.0
buyout,0.0
walks,0.0
intercepts,0.0
operates,0.0
crowd,0.0
abroad,0.0
dpwholdings,0.0
shipped,0.0
km,0.0
spinal,0.0
derail,-0.29600000000000004
provident,0.0
specifically,0.0
kno,0.0
convincing,0.4019
benchmark,0.0
takeda,0.0
commercialize,0.0
upfront,0.0
concerns,0.0
equinox,0.0
idiopathic,0.0
germline,0.0
actionable,0.0
whispermiss,0.0
pennnational,0.0
qtrly,0.0
saudi,0.0
dawgs,0.0
aro,0.0
retracing,0.0
serveral,0.0
consensus,0.0
arrowhead,0.0
doses,0.0
vows,0.0
enforce,0.0
pledging,0.0
blmstocks,0.0
boooommmm,0.0
hypersomnia,0.0
sss,0.0
forrester,0.0
assesses,0.0
leased,0.0
cerence,0.0
identifying,0.0
aggregate,0.0
intec,0.0
bi,0.0
directional,0.0
servicenow,0.0
compliant,0.0
virtualized,0.0
churned,0.0
roni,0.0
otx,0.0
thinned,0.0
concomitant,0.0
developments,0.0
voltaren,0.0
previews,0.0
circled,0.0
cautiously,0.0
steroidtrump,0.0
reapply,0.0
cruises,0.0
airline,0.0
platinumplan,0.0
onedigital,0.0
sunk,0.0
syntactx,0.0
venovalve,0.0
travelling,0.0
analyze,0.0
universities,0.0
servier,0.0
ve,0.0
slaughtering,0.0
nonresidential,0.0
bridging,0.0
plains,0.0
mufso,0.0
referencing,0.0
necessarily,0.0
fidx,0.0
radically,0.0
composite,0.0
african,0.0
expeditionary,0.0
lands,0.0
spelker,0.0
vivint,0.0
modest,0.0
happiest,0.6369
objetivos,0.0
undef,0.0
suggest,0.0
hfref,0.0
acuitybrands,0.0
demands,0.0
resorts,0.0
starbuck,0.0
ohhhhhh,0.0
bubly,0.0
inland,0.0
zulily,0.0
room,0.0
returned,0.0
premiditive,0.0
edge,0.0
restaurants,0.0
streamlining,0.0
workhorsegroup,0.0
overdue,0.0
ampion,0.0
witness,0.0
chilling,-0.0258
custom,0.0
debuts,0.0
concluded,0.0
generate,0.0
satisfy,0.4588
loyal,0.4767
shape,0.0
qtr,0.0
cells,0.0
reveald,0.0
rly,0.0
minimally,0.0
dispose,0.0
bpost,0.0
prefers,0.0
estoque,0.0
valores,0.0
株式,0.0
cytokinetics,0.0
misses,-0.2263
underscores,0.0
comic,0.0
distracted,-0.34
ranging,0.0
polled,0.0
mkt,0.0
setup,0.0
dee,0.0
cammon,0.0
messages,0.0
incompatible,0.0
bilingual,0.0
addalert,0.0
excluding,0.0
digits,0.0
scratch,0.0
stockmarket,0.0
gotten,0.0
speaks,0.0
reacts,0.0
pattern,0.0
feature,0.0
unsettled,-0.3182
scanner,0.0
chopping,0.0
repanic,0.0
intact,0.2023
structuce,0.0
occasional,0.0
fucken,0.0
congratulate,0.4939
wooo,0.0
hire,0.0
outta,0.0
sterilize,0.0
flawlessly,0.2023
notifies,0.0
withdrew,0.0
balance,0.0
symptoms,0.0
beauty,0.5859
vocational,0.0
tecan,0.0
ease,0.3612
amusing,0.3818
assault,-0.5859
intuitive,0.0
punishing,-0.5574
rosenblatt,0.0
lctx,0.0
recruiting,0.0
immunocerv,0.0
staring,0.0
relocate,0.0
spring,0.0
atlantic,0.0
baxter,0.0
somewhat,0.0
negatively,0.0
nymt,0.0
quickest,0.0
pickup,0.0
retreated,0.0
hotter,0.0
banging,0.0
fault,-0.4019
dot,0.0
proving,0.0
soem,0.0
charged,-0.2023
assaulting,-0.5106
woah,0.0
sqz,0.0
resassessing,0.0
floated,0.0
restarting,0.0
tanked,0.0
momswhotrade,0.0
intrigued,0.0
increa,0.0
expressing,0.0
smitten,0.0
dicks,0.0
retracement,0.0
eia,0.0
lionvest,0.0
uploaded,0.0
drinks,0.0
appealing,0.0
pile,0.0
banged,0.0
calculated,0.0
niosh,0.0
enticing,0.0
tilted,0.0
smallest,0.0
screw,-0.1027
jammed,0.0
shaving,0.0
imploded,0.0
aligns,0.0
unmute,0.0
rohm,0.0
modify,0.0
heavier,0.0
kluwer,0.0
spur,0.0
absorbed,0.0
strengthened,0.4215
univar,0.0
bioestolides,0.0
permits,0.0
rebounded,0.0
rebreak,0.0
heavenly,0.6124
neat,0.4588
resetting,0.0
thrown,0.0
biosynthetic,0.0
sharebuyback,0.0
qualified,0.0
sterilizers,0.0
clearem,0.0
power,0.0
allotted,0.0
lovin,0.0
stat,0.0
intercept,0.0
fought,-0.3182
regardless,0.0
otm,0.0
disinfectant,0.0
shoutout,0.0
impactful,0.0
requiring,0.0
daratumumab,0.0
shorter,0.0
lengthens,0.0
combo,0.0
earlydiscovery,0.0
checkered,0.0
facet,0.0
dientes,0.0
aggressively,-0.3182
ideal,0.5267
biased,-0.2732
delete,0.0
suburbs,0.0
challenge,0.0772
seee,0.0
barely,0.0
optimal,0.3612
invoke,0.0
walking,0.0
steamrolled,0.0
famous,0.0
hop,0.0
signal,0.0
rates,0.0
pissing,-0.4019
intercontinental,0.0
committing,0.0772
specialize,0.0
disinfecting,0.0
interest,0.4588
battle,-0.3818
investments,0.0
unenforced,0.0
reasonable,0.0
halts,0.0
shortys,0.0
agreeance,0.0
wholesale,0.0
voluntarily,0.0
recalling,0.0
costs,0.0
bombardier,0.0
tilly,0.0
dweebs,0.0
cargojet,0.0
ono,0.0
introductory,0.0
advmicro,0.0
optimizerx,0.0
appropriately,0.0
sickening,-0.5267
enservco,0.0
lunchtime,0.0
motherfucking,-0.5859
disgusting,-0.5267
sanders,0.0
portorož,0.0
realistically,0.0
onwards,0.0
soar,0.0
outside,0.0
flips,0.0
unveiled,0.0
unloading,0.0
romped,0.0
fooo,0.0
pin,0.0
furloughs,0.0
pitches,0.0
sesión,0.0
crecientes,0.0
affirmed,0.0
stater,0.0
surprising,0.2732
nicknamed,0.0
legalizing,0.0
recreational,0.0
systematic,0.0
mulgrew,0.0
animated,0.0
flexing,0.0
numinus,0.0
tragic,-0.4588
comfy,0.0
determine,0.0
fishing,0.0
myft,0.0
dwarfs,0.0
dug,0.0
sounding,0.0
tic,0.0
phenomenal,0.0
nutso,0.0
spartan,0.0
kamala,0.0
aroun,0.0
contains,0.0
continually,0.0
minute,0.0
winnin,0.0
decriminalize,0.0
clicking,0.0
bailout,-0.1027
starves,-0.5106
depressed,-0.5106
rack,0.0
unmanned,0.0
sanctioning,0.0
iranian,0.0
illicit,0.0
downward,0.0
worrisome,-0.4019
underscore,0.0
begs,0.0
evacuated,0.0
gamestop,0.0
tall,0.0
impatient,-0.29600000000000004
pitched,0.0
sought,0.0
spying,0.0
salaried,0.0
inevitable,0.0
calliditas,0.0
fans,0.0
antagonistic,-0.4019
teases,-0.29600000000000004
describing,0.0
rehalted,0.0
nightmares,0.0
benefiting,0.0
submitted,0.0
escalates,0.0
raged,-0.4588
suicidally,0.0
convert,0.0
blueprint,0.0
ignoring,-0.4019
indicate,0.0
standardize,0.0
stilling,0.0
weather,0.0
faded,0.0
bagged,0.0
duped,-0.4215
wickeddddddxxx,0.0
solidifying,0.0
swingng,0.0
wishing,0.2263
partially,0.0
retweet,0.0
aided,0.0
destroy,-0.5423
stink,-0.4019
heaviest,0.0
weekend,0.0
befor,0.0
demolished,0.0
nicer,0.4404
abound,0.0
uni,0.0
shaking,-0.1779
usdaud,0.0
outwaited,0.0
incorrectly,0.0
tagged,0.0
facial,0.0
repair,0.0
groosly,0.0
scumbag,-0.6369
expunge,0.0
deployed,0.0
scanners,0.0
minimized,0.0
requests,0.0
cured,0.0
exchanged,0.0
motile,0.0
sperm,0.0
containing,0.0
marching,0.0
utlities,0.0
swearing,-0.25
preaching,0.0
hated,-0.6369
cfgn,0.0
swift,0.2023
prouder,0.4939
feeeeeeeeeeeling,0.0
finishing,0.0
shoot,-0.34
opioid,0.0
suppose,0.0
morning,0.0
adjustments,0.0
succeeds,0.4939
citadel,0.0
controlling,0.0
dilute,0.0
tradersnap,0.0
pinksheet,0.0
crowdstrike,0.0
bck,0.0
undiluted,0.0
secret,0.0
flawless,0.5106
darling,0.5859
completing,0.0
pgim,0.0
downgrading,0.0
scream,-0.4019
lookin,0.0
buyer,0.0
dreams,0.4019
dragging,0.0
shaken,-0.0772
cheesecake,0.0
covidvaccine,0.0
useful,0.4404
retw,0.0
gnite,0.0
fizzling,0.0
fukking,0.0
dodge,0.0
stimulous,0.0
fire,-0.34
departs,0.0
baghold,0.0
fibonaci,0.0
regularly,0.0
oilers,0.0
poly,0.0
butterfield,0.0
claims,0.0
conveyed,0.0
budge,0.0
trumpmeltdown,0.0
unfit,0.0
eleni,0.0
promises,0.3818
canceled,0.0
adventures,0.34
towns,0.0
krny,0.0
sideline,0.0
reentry,0.0
skyrocketed,0.0
berry,0.0
abiomed,0.0
steenland,0.0
themal,0.0
placed,0.0
nejm,0.0
anticipates,0.0
advancing,0.0
greatly,0.0
resulted,0.0
superior,0.5423
ausa,0.0
satisfied,0.4215
addicted,0.0
stoploss,0.0
restricts,-0.3182
debuted,0.0
horrific,-0.6597
tease,-0.3182
genmarkdiagnostics,0.0
outlooks,0.0
scroll,0.0
argue,-0.34
realising,0.0
blames,-0.4019
dig,0.0
ope,0.0
driverless,0.0
reassess,0.0
smartin,0.0
porfolio,0.0
perpetuating,0.0
narrative,0.0
clone,0.0
perspective,0.0
helpful,0.4215
antifa,0.0
operate,0.0
unbelievable,0.2023
picker,0.0
pluck,0.0
constipated,0.0
upped,0.0
podcast,0.0
nuanced,0.0
explainting,0.0
colluded,0.0
whitehouse,0.0
oppty,0.0
inspyr,0.0
overcame,0.0
beware,0.0
expert,0.0
painting,0.0
doubtful,-0.34
tripled,0.0
reentered,0.0
endorsing,0.0
careless,-0.3612
irresponsible,-0.4404
forgetting,0.0
tighten,0.0
fierce,0.0
revisited,0.0
thousands,0.0
exploring,0.0
normally,0.0
declared,0.0
notices,0.0
strike,-0.128
colorful,0.0
vaccimes,0.0
energytransfer,0.0
abused,-0.5106
caesarsentertainment,0.0
nwnatural,0.0
northwestnatural,0.0
maximintegrated,0.0
nah,-0.1027
aesthetic,0.0
amnealpharmaceuticals,0.0
earned,0.0
scratched,0.0
redhillbiopharma,0.0
babysitting,0.0
bare,0.0
rumoured,0.0
lahge,0.0
numbers,0.0
criticizes,-0.34
borrowing,0.0
ipoe,0.0
shopping,0.0
shower,0.0
wearable,0.0
skirt,0.0
exelixis,0.0
tyrosine,0.0
modestly,0.0
attendant,0.0
english,0.0
newvideoalert,0.0
avoids,-0.1779
relaxing,0.4939
iptacopan,0.0
aurigene,0.0
disclose,0.0
hardasset,0.0
atwec,0.0
linear,0.0
harping,0.0
xilinx,0.0
believing,0.0
appian,0.0
alcoa,0.0
collective,0.0
tumor,-0.3818
prostatecancer,0.0
grifols,0.0
consolid,0.0
ocugen,0.0
gigantic,0.0
emerge,0.0
pegged,0.0
ibrance,0.0
interventional,0.0
characterizing,0.0
cjt,0.0
eplex,0.0
alway,0.0
juvenile,0.0
manipulate,0.0
rooted,0.0
superb,0.6249
bga,0.0
schizophrenia,0.0
disorder,-0.4019
borsa,0.0
explosion,0.0
praxis,0.0
axo,0.0
marketplace,0.0
atypical,0.0
antipsychotic,0.0
protease,0.0
selectabiosciences,0.0
igan,0.0
unsure,-0.25
choice,0.0
erroneous,-0.4215
nhlbi,0.0
abstracts,0.0
uswsw,0.0
kronos,0.0
sanitizing,0.0
syros,0.0
explained,0.0
genmark,0.0
tor,0.0
idiots,0.0
reversed,0.0
reds,0.0
foward,0.0
locate,0.0
deepens,0.0
myopia,0.0
fitting,0.0
returning,0.0
born,0.0
induce,0.0
apparent,0.0
shortlocate,0.0
metric,0.0
concentrate,0.0
santander,0.0
probable,0.0
rereading,0.0
vowed,0.0
unlocking,0.0
reproductive,0.0
assessing,0.0
candidly,0.0
openly,0.0
rubs,0.0
rebecca,0.0
sequential,0.0
ramps,0.0
provincial,0.0
overtrading,0.0
reamed,0.0
monstrous,0.0
panl,0.0
butchered,0.0
addresses,0.0
decrim,0.0
punched,0.0
laugh,0.5574
slaying,0.0
unaware,-0.2023
altogether,0.0
toast,0.0
spends,0.0
threw,0.0
roar,0.0
strictly,0.0
achieved,0.0
shiftpixy,0.0
ummmm,0.0
formalized,0.0
appeared,0.0
hateful,-0.4939
rank,0.0
viking,0.0
maxed,0.0
usable,0.0
flake,0.0
tags,0.0
bled,0.0
adient,0.0
eau,0.0
imposes,-0.1027
jingleking,0.0
portmore,0.0
djconcreteface,0.0
oneofthebestyet,0.0
لكن,0.0
virtrial,0.0
inured,0.0
installing,0.0
backtesting,0.0
spots,0.0
dutch,0.0
logic,0.0
inexpensive,0.0
youtube,0.0
spartannashcompany,0.0
yeezy,0.0
proudteachermoment,0.0
buyable,0.0
fridayfeeling,0.0
cloudy,0.0
overhyped,0.0
intraweek,0.0
pee,0.0
piked,0.0
fnv,0.0
jailed,-0.4939
messing,0.0
carries,0.0
capitalized,0.0
clothes,0.0
manchesterunited,0.0
oiler,0.0
naive,-0.2732
abusing,-0.4588
opkohealth,0.0
chartering,0.0
seemingly,0.0
corporatio,0.0
hathaway,0.0
booommm,0.0
lineup,0.0
ladebackktrading,0.0
weekness,0.0
overstay,0.0
presumptive,0.0
reshort,0.0
overlooking,0.0
rotating,0.0
grizzly,0.0
fraudulent,-0.4939
replying,0.0
pulls,0.0
package,0.0
require,0.0
tobaf,0.0
barreling,0.0
opiate,0.0
blaming,-0.4939
pullout,0.0
daxing,0.0
midstream,0.0
referenced,0.0
vivopower,0.0
medicaldevices,0.0
absurdly,0.0
teams,0.0
breakthrough,0.0
racist,-0.6124
tripped,0.0
hell,-0.6808
spectacular,0.0
horizon,0.0
bans,0.0
immoral,-0.4588
reacquires,0.0
immuno,0.0
boiling,0.0
chapter,0.0
bancshares,0.0
henrik,0.0
professionally,0.0
exhausting,-0.3612
bottoming,0.0
ulh,0.0
wreck,-0.4404
scd,0.0
scal,0.0
fastenal,0.0
veverimer,0.0
allowed,0.0
represent,0.0
slowed,0.0
place,0.0
evidenced,0.0
conference,0.0
spooky,0.0
neckline,0.0
skies,0.0
essentially,0.0
visible,0.0
flopping,0.0
beastly,0.0
conviently,0.0
woot,0.4215
jam,0.0
stationary,0.0
interact,0.0
sizzle,0.0
causes,0.0
wider,0.0
happier,0.5267
dkk,0.0
brave,0.5267
plausible,0.0
material,0.0
prohibited,0.0
procured,0.0
sweeping,0.0
freshpet,0.0
founders,0.0
comeback,0.0
allocated,0.0
kudlow,0.0
knowledgable,0.0
crank,0.0
nate,0.0
measly,0.0
defend,0.0
charts,0.0
ballistic,0.0
romping,0.0
contemplated,0.0
overstayed,0.0
eyesafe,0.0
establishing,0.0
stations,0.0
amped,0.0
lukewarm,0.0
swayed,0.0
spelling,0.0
apri,0.0
kills,-0.5423
coronaviruses,0.0
ipos,0.0
borrowed,0.0
buyin,0.0
upperband,0.0
speculate,0.0
animalhealth,0.0
master,0.0
inch,0.0
faraday,0.0
imperial,0.0
mhtx,0.0
stabilizes,0.0
outline,0.0
participated,0.0
prompt,0.0
retweeting,0.0
credible,0.0
majestic,0.0
circulating,0.0
bleed,0.0
softbank,0.0
pumpin,0.0
spooktactular,0.0
ish,0.0
sellers,0.0
louder,0.0
reimagined,0.0
freakishly,-0.2023
penetrated,0.0
meaningful,0.3182
defined,0.0
poodles,0.0
optionchain,0.0
dummies,0.0
piling,0.0
dated,0.0
bidding,0.0
inspite,0.0
rebooting,0.0
roaring,0.0
fluxing,0.0
ticking,0.0
chatting,0.0
batterystorage,0.0
compressed,0.0
madrigal,0.0
candidates,0.0
chartered,0.0
figures,0.0
adollar,0.0
techincal,0.0
lightning,0.0
negotiates,0.0
stunt,0.0
stunting,0.0
outandstunting,0.0
spice,0.0
guessed,0.0
decreases,0.0
crash,-0.4019
screwing,-0.2263
wasted,-0.4939
researching,0.0
dribble,0.0
pathetic,-0.5719
chipotle,0.0
lifesciences,0.0
southeastern,0.0
hero,0.5574
scammiest,0.0
rebuy,0.0
tons,0.0
permanent,0.0
drawing,0.0
twitching,0.0
prints,0.0
impress,0.4404
shed,0.0
badly,-0.4767
taught,0.0
circulatory,0.0
shoulda,0.0
regroup,0.0
smells,0.0
uncommon,0.0
rallies,0.0
esteemed,0.4404
piggybacks,0.0
documented,0.0
nonsensical,0.0
mundane,0.0
pieces,0.0
muddy,0.0
bother,-0.34
slight,0.0
coronavirusvaccine,0.0
quickie,0.0
barf,0.0
shine,0.0
purely,0.0
bolsa,0.0
oszc,0.0
deny,-0.34
fest,0.0
tpni,0.0
crge,0.0
nosebleed,0.0
iphone,0.0
historically,0.0
disappeared,-0.2263
probobly,0.0
grosser,-0.0772
repimps,0.0
takeprofits,0.0
tweets,0.0
fillings,0.0
pilling,0.0
tacular,0.0
slaughtered,0.0
poured,0.0
fuzzypandashort,0.0
overextended,0.0
retrophin,0.0
superdigital,0.0
conduent,0.0
lesser,0.0
donating,0.0
banger,0.0
forth,0.0
legendary,0.0
mechanically,0.0
lmp,0.0
rough,0.0
helix,0.0
sublime,0.0
awesomecalls,0.0
resurgent,0.0
plain,0.0
actively,0.3182
woulda,0.0
gastrointestinal,0.0
unrealized,0.0
uniquely,0.0
ebitda,0.0
deactivate,0.0
sizeable,0.0
masterpeace,0.0
wassersug,0.0
inverse,0.0
fricking,0.0
cheat,-0.4588
conditional,0.0
renewables,0.0
fetal,0.0
freaky,-0.3612
predicts,0.0
tpg,0.0
solely,0.0
gladly,0.34
الاستحواذ,0.0
represented,0.0
nat,0.0
corpbanca,0.0
ocean,0.0
accompanied,0.0
outpacing,0.0
reason,0.0
cpuc,0.0
definite,0.2732
cooperating,0.0
emitted,0.0
olive,0.0
stoneground,0.0
cookies,0.0
comically,0.0
helllllllo,0.0
replicating,0.0
raining,0.0
embarrass,-0.29600000000000004
unfilled,0.0
qual,0.0
buried,0.0
claim,0.0
valuing,0.34
sketching,0.0
owfffffff,0.0
roast,0.0
belive,0.0
believed,0.0
doest,0.0
westrockcompany,0.0
describe,0.0
minutes,0.0
bacterial,0.0
measuring,0.0
defining,0.0
paramagnetic,0.0
microsphere,0.0
reinvigorate,0.5106
preceed,0.0
mattknows,0.0
pathway,0.0
torture,-0.5994
wining,0.0
obtains,0.0
undercover,0.0
decline,0.0
shocks,-0.3818
speculative,0.1027
oils,0.0
sportsbooks,0.0
percentile,0.0
vaccine,0.0
biennial,0.0
pact,0.0
signaling,0.0
outwork,0.0
alliancebernstein,0.0
alzheimer,0.0
rocketed,0.0
metallurgical,0.0
noticeable,0.0
fav,0.4588
suffers,-0.4767
nominating,0.0
intend,0.0
venous,0.0
business,0.0
uncut,0.0
davestalklist,0.0
earnest,0.5106
unpopular,0.0
mcdermot,0.0
weighted,0.0
stores,0.0
insaine,0.0
kidneydisease,0.0
ckd,0.0
workfromhome,0.0
recipe,0.0
blocking,-0.3818
nedosiran,0.0
annualized,0.0
lmpautomotive,0.0
sounded,0.0
digiinternational,0.0
unlocked,0.0
intimidating,-0.4404
feeds,0.0
rewarding,0.5267
intersting,0.0
exponentially,0.0
subject,0.0
lonafarnib,0.0
keytruda,0.0
thread,0.0
reckon,0.0
mully,0.0
washes,0.0
claiming,0.0
belongs,0.0
lads,0.0
campaigning,0.0
addressing,0.0
levchin,0.0
affirm,0.0
rerated,0.0
fisi,0.0
vlncf,0.0
fence,0.0
shaved,0.0
defeated,-0.4767
participat,0.0
fucks,-0.4767
marked,0.0
suddenly,0.0
defines,0.0
scamming,0.0
deprogramming,0.0
newbies,0.0
sacred,0.0
wlan,0.0
billy,0.0
moneyball,0.0
disturb,-0.4019
taller,0.0
estimating,0.0
intrinsic,0.0
tattooed,0.0
evolve,0.0
arrives,0.0
larrrggggeeeew,0.0
dormant,0.0
workhorse,0.0
redfin,0.0
disruptive,-0.3182
fortnite,0.0
invented,0.0
personali,0.0
generated,0.0
nytimes,0.0
registrant,0.0
blind,-0.4019
utilizes,0.0
chemotherapeutic,0.0
requesting,0.0
eerily,0.0
reminiscent,0.0
dealing,0.0
disinfect,0.0
contracting,0.0
bash,0.0
bagger,0.0
bells,0.0
simps,0.0
gaseous,0.0
wowow,0.0
indicates,0.0
forecasting,0.0
ulcerativecolitis,0.0
ewy,0.0
maintaining,0.0
butt,0.0
reactive,0.0
modular,0.0
interfere,0.0
longing,-0.0258
salivating,0.0
studied,0.0
trly,0.0
breakdowns,0.0
miscellaneous,0.0
restore,0.29600000000000004
bore,-0.25
hav,0.0
punished,-0.4588
convincingly,0.3818
speedy,0.0
nbxh,0.0
bracing,0.0
matters,0.0258
brag,0.0
preclude,0.0
reflect,0.0
uptrends,0.0
levered,0.0
wkly,0.0
excites,0.4767
strainwise,0.0
enrolling,0.0
incl,0.0
eventful,0.0
abandoned,-0.4588
privacylok,0.0
protectid,0.0
translated,0.0
replies,0.0
precede,0.0
wee,0.0
promotional,0.0
seized,0.0
impose,-0.29600000000000004
tougher,0.1779
beeaking,0.0
peaking,0.0
liek,0.0
anarchists,0.0
destroying,-0.5574
greatpanther,0.0
offerings,0.0
rx,0.0
sinks,0.0
reuters,0.0
packaging,0.0
swung,0.0
dance,0.0
candle,0.0
handy,0.0
technically,0.0
obtained,0.0
nordstrom,0.0
inking,0.0
allegations,0.0
realised,0.0
nfi,0.0
clairvoyant,0.0
curing,0.0
focuses,0.0
bearing,0.0
moneyflow,0.0
surfaced,0.0
sandwiched,0.0
unblock,0.0
obstructive,0.0
airborne,0.0
unbooked,0.0
bifacial,0.0
torchlight,0.0
tday,0.0
outdoor,0.0
enacted,0.0
nordic,0.0
welcomed,0.34
burns,0.0
orsted,0.0
threefold,0.0
preparation,0.0
outbreak,0.0
marking,0.0
matket,0.0
safebankingact,0.0
emerges,0.0
retired,0.0
energized,0.5106
states,0.0
postpone,-0.2263
kadi,0.0
strate,0.0
peake迁至离开发更近的地方,0.0
composing,0.0
heliostechnologies,0.0
balboawatergroup,0.0
magnite,0.0
rodrigues,0.0
disney,0.0
waltdisneyworld,0.0
nacd,0.0
directorship,0.0
urothelial,0.0
brown,0.0
dmcglobal,0.0
deliveries,0.0
recommence,0.0
prepping,0.0
ubiquitous,0.0
astellas,0.0
ages,0.0
comprised,0.0
amicus,0.0
morphic,0.0
millionth,0.0
protects,0.3182
bandwidth,0.0
audiovisual,0.0
snowflake,0.0
resolve,0.3818
assets,0.1779
experiencing,0.0
flooring,0.0
improves,0.4215
plantpax,0.0
protected,0.4404
opc,0.0
lakers,0.0
rondo,0.0
notably,0.0
perceive,0.0
positively,0.5267
squired,0.0
piper,0.0
davidson,0.0
vault,0.0
unify,0.0
tristate,0.0
simulated,0.0
adcovid,0.0
stimulates,0.25
murban,0.0
microdisplay,0.0
hematologic,0.0
flyingg,0.0
stimulated,0.2263
acceptance,0.4588
ophthalmic,0.0
bauschhealth,0.0
sharkseer,0.0
seagen,0.0
upgrading,0.0
newcrest,0.0
litterally,0.0
intranasal,0.0
uab,0.0
foster,0.0
balancing,0.0
slept,0.0
rinse,0.0
trodelvy,0.0
acquisitive,0.0
prepares,0.0
tier,0.0
forensic,0.0
barrick,0.0
affiliated,0.0
concurrently,0.0
vivid,0.0
shorten,0.0
presentation,0.0
bernardino,0.0
optima,0.0
repurchases,0.0
boosted,0.3612
cautions,0.0
astronomical,0.0
rankings,0.0
nextier,0.0
scynexis,0.0
vaginal,0.0
pfsweb,0.0
fisher,0.0
liehub,0.0
board,0.0
rusty,0.0
pressing,0.0
acornintl,0.0
estimate,0.0
stryker,0.0
irhythm,0.0
evvvvery,0.0
restoring,0.29600000000000004
oncosecmedical,0.0
phased,0.0
federated,0.0
underwrote,0.0
cloudflare,0.0
binary,0.0
obscure,0.0
abbott,0.0
fastened,0.0
sporting,0.0
scte,0.0
operations,0.0
taxing,0.0
pullbacked,0.0
supernatural,0.0
betty,0.0
reaping,0.0
repositioning,0.0
moderately,0.0
severely,-0.4588
delicious,0.5719
lookn,0.0
proves,0.0
telemed,0.0
voycare,0.0
الساعة,0.0
guidance,0.0
frhc,0.0
judicial,0.0
inept,0.0
similarly,0.0
ranges,0.0
ludp,0.0
sponsor,0.0
wasteful,0.0
facts,0.0
farms,0.0
judge,0.0
seifi,0.0
flaring,0.0
dominate,-0.128
doyo,0.0
yawning,0.0
speculated,0.0
noobs,0.0
comethe,0.0
dfodq,0.0
aquí,0.0
tenemos,0.0
perkinelmer,0.0
assesment,0.0
atest,0.0
analytical,0.0
gobbled,0.0
deciding,0.0
feasible,0.0
wealthy,0.3612
overlapping,0.0
confirmation,0.0
timestamping,0.0
churchillcapital,0.0
centurylink,0.0
toys,0.0
platfirm,0.0
barcoding,0.0
manages,0.0
shortens,0.0
park,0.0
sellerstrike,0.0
illuminated,0.0
gambled,0.0
enthusiastic,0.4939
thrilled,0.4404
churchill,0.0
booommmm,0.0
nation,0.0
lighten,0.0
breathe,0.0
creep,0.0
speeding,0.0
passiveincome,0.0
vicious,-0.3612
accounted,0.0
respond,0.0
accenture,0.0
booommmmmm,0.0
draw,0.0
derive,0.0
lowes,0.0
promoters,0.0
spun,0.0
uzi,0.0
insured,0.0
lingering,0.0
peist,0.0
temperature,0.0
scanning,0.0
slippage,0.0
undersizing,0.0
emotionally,0.0
kiss,0.4215
womens,0.0
emailing,0.0
pregnant,0.0
smoke,0.0
etns,0.0
dilluting,0.0
winding,0.0
ninth,0.0
plummeted,0.0
switches,0.0
behold,0.0
satisifed,0.0
attention,0.0
capitalize,0.0
confidential,0.0
trainees,0.0
mobiletrust,0.0
rightfully,0.0
correlated,0.0
packages,0.0
himars,0.0
rockets,0.0
gots,0.0
wipe,0.0
ecommerce,0.0
lockdown,0.0
chain,0.0
coupled,0.0
bottomfishing,0.0
explores,0.0
accomplish,0.4215
ventured,0.0
exposed,-0.0772
aheadofthecrowd,0.0
overpriced,0.0
mocking,-0.4019
defensive,0.0258
slopeofdope,0.0
permabear,0.0
sworn,0.0
brewing,0.0
idiotic,-0.5574
scalpable,0.0
ov,0.0
laughter,0.4939
contain,0.0
freeloading,-0.3182
efficient,0.4215
harmful,0.0
smile,0.3612
trough,0.0
greaat,0.0
upgoing,0.0
msging,0.0
commercially,0.0
ambu,0.0
declined,0.0
resigned,-0.25
multilayer,0.0
conductive,0.0
molded,0.0
prototyping,0.0
kg,0.0
tiniest,0.0
british,0.0
romp,0.0
fires,0.0
asswipe,0.0
shmearing,0.0
sleepin,0.0
sided,0.0
announcement,0.0
quicklab,0.0
swisher,0.0
otcplatform,0.0
usaully,0.0
vuzix,0.0
smartglasses,0.0
wearabletech,0.0
debatable,0.0
coveted,0.0
stalked,0.0
benzinger,0.0
fbn,0.0
نوعيه,0.0
predictive,0.0
whack,0.0
snipe,0.0
repeatedly,0.0
pregant,0.0
reinforce,0.0
protecting,0.0
basked,0.0
thesiliconreview,0.0
belieb,0.0
licenses,0.0
rocawear,0.0
gun,-0.34
realllllly,0.0
quadrupled,0.0
harmed,-0.4767
embracing,0.0
coincided,0.0
repimped,0.0
repimp,0.0
mandatory,0.0772
pledge,0.0
nqlmf,0.0
desktop,0.0
redefining,0.0
preannounces,0.0
threaten,-0.3818
rackware,0.0
netapp,0.0
reinforced,0.0
sheepish,0.0
schlong,0.0
cloud,0.0
melt,0.0
gem,0.0
regretted,-0.3818
token,0.0
keystrokes,0.0
warmed,0.2732
chuck,0.0
pukes,-0.4404
option,0.0
color,0.0
serial,0.0
getcha,0.0
drinking,0.0
violent,-0.5994
daytraeded,0.0
whopping,0.0
oof,0.0
peripheral,0.0
breakoutable,0.0
yummyummyummm,0.0
swelling,0.0
ripstick,0.0
whale,0.0
raking,0.0
users,0.0
cyberapps,0.0
notified,0.0
validated,0.2263
struggle,-0.3182
metamaterial,0.0
livestream,0.0
evertec,0.0
shiftwizard,0.0
remained,0.0
reorganizes,0.0
avise,0.0
swap,0.0
scrra,0.0
stressing,-0.3612
reorganizing,0.0
centralized,0.0
unghost,0.0
sexually,0.0
attracted,0.4215
traditional,0.0
memphis,0.0
dock,0.0
morefield,0.0
unable,0.0
separating,0.0
cordially,0.0
mytomorrows,0.0
screening,0.0
separately,0.0
goblins,0.0
visitpay,0.0
inventiva,0.0
plugging,0.0
promoted,0.4215
cashes,0.0
commended,0.4404
relinquish,0.0
approach,0.0
civic,0.0
steer,0.0
haul,0.0
gulped,0.0
reminding,0.0
commented,0.0
gather,0.0
utiful,0.0
solved,0.2732
practiced,0.0
tightly,0.0
altimmune,0.0
forged,0.0
suffering,-0.4767
dentsplysirona,0.0
holdings,0.0
additionally,0.0
backward,0.0
obsolete,-0.29600000000000004
exiting,0.0
orders,0.0
cwbhf,0.0
admitted,0.1027
terminal,0.0
paving,0.0
chaser,0.0
storied,0.0
limelightnetworks,0.0
airfast,0.0
touting,-0.1779
smashed,0.0
conformation,0.0
uplist,0.0
hmmi,0.0
loo,0.0
claimed,0.0
drink,0.0
loooks,0.0
skydiving,0.0
cashing,0.0
sorrentotherapeutics,0.0
marry,0.0
swingtrades,0.0
chiral,0.0
philippine,0.0
leronlimab,0.0
deceiving,-0.34
friend,0.4939
collapse,-0.4939
reordering,0.0
unexplained,0.0
backing,0.0258
pauses,0.0
equally,0.0
digesting,0.0
midweek,0.0
proactively,0.0
parpacific,0.0
plasmatherapy,0.0
extracted,0.0
elevates,0.0
waltdisney,0.0
vague,-0.1027
repurposed,0.0
payable,0.0
apac,0.0
incessant,0.0
propelling,0.0
suweet,0.0
jokes,0.25
acts,0.0
instrumental,0.0
projecting,0.0
widespread,0.0
rattiest,0.0
oriental,0.0
savings,0.0
transient,0.0
eludes,0.0
intimated,0.0
witnessed,0.0
evaporated,0.0
porque,0.0
emerged,0.0
modeled,0.0
cbdproducts,0.0
vulcan,0.0
remestemcel,0.0
finalized,0.0
digitimes,0.0
downtrending,0.0
dynavax,0.0
inflows,0.0
renaming,0.0
experiences,0.0
milled,0.0
entitled,0.2732
elicits,0.0
maximal,0.0
dependent,0.0
inspiremd,0.0
tencentmusicentertainment,0.0
royalcaribbean,0.0
rotce,0.0
proverbial,0.0
genmab,0.0
cuked,0.0
ohmes,0.0
fortress,0.0
turkey,0.0
americold,0.0
initiation,0.0
consortium,0.0
uniqure,0.0
worsening,-0.4588
leda,0.0
revitalizes,0.0
answers,0.0
transports,0.0
predicting,0.0
cashless,0.0
medicinova,0.0
enrolls,0.0
neogene,0.0
adjuvanted,0.0
bags,0.0
pausing,0.0
recurring,0.0
bln,0.0
reffered,0.0
ink,0.0
whoop,0.0
canfite,0.0
caterpillar,0.0
hodges,0.0
insures,0.0
frequently,0.0
dependable,0.0
senhance,0.0
challenges,0.0772
lighting,0.0
rhinosinusitis,0.0
illumina,0.0
stevenmadden,0.0
reactivated,0.0
altius,0.0
dunlop,0.0
widely,0.0
model,0.0
variant,0.0
assay,0.0
umwelt,0.0
optional,0.0
eligible,0.0
regulus,0.0
sanofi,0.0
ignited,0.0
mistaken,-0.3612
honorable,0.5423
family,0.0
singlecare,0.0
archiving,0.0
indie,0.0
stocklocates,0.0
totalling,0.0
celldex,0.0
spontaneous,0.0
vermon,0.0
uspto,0.0
proliferate,0.0
laproscopy,0.0
exploratory,0.0
splunk,0.0
prognostic,0.0
ambitious,0.4767
tackle,0.0
nast,0.0
eletric,0.0
stockmarke,0.0
basking,0.0
skillsoft,0.0
stfm,0.0
installs,0.0
galaxy,0.0
shoppable,0.0
solidly,0.0
buyback,0.0
bullfrog,0.0
fewl,0.0
sandridge,0.0
permian,0.0
whistle,0.0
clearsign,0.0
globalgiving,0.0
ontrak,0.0
cattle,0.0
sprt,0.0
workforce,0.0
recipient,0.0
transmitted,0.0
aimed,0.0
cerus,0.0
viable,0.0
ruin,-0.5859
understands,0.0
tacitly,0.0
internally,0.0
loopindustries,0.0
sereis,0.0
asian,0.0
woooo,0.0
wound,0.0
sites,0.0
yuuuge,0.0
outcomes,0.0
motivated,0.4588
chargeoffs,0.0
amazingly,0.0
pedevco,0.0
fallen,-0.3612
richrich,0.0
fades,0.0
dariohealth,0.0
inclusion,0.0
gateway,0.0
caroline,0.0
usaid,0.0
lungcancer,0.0
equate,0.0
reserved,0.0
normalizing,0.0
rasied,0.0
thumb,0.0
sharper,0.0
airgain,0.0
empires,0.0
sagged,0.0
slump,0.0
phaseb,0.0
dwarfed,0.0
compa,0.0
remarkable,0.5574
retains,0.0
popcorn,0.0
interconnected,0.0
askhole,0.0
scotiabank,0.0
punting,0.0
expedited,0.0
exercisable,0.0
positions,0.0
uvlight,0.0
aaplyousuck,0.0
ahhhh,0.0
motor,0.0
incase,0.0
shocking,-0.4019
ensemble,0.0
letter,0.0
booom,0.0
bountiful,0.0
batteries,0.0
eose,0.0
epidural,0.0
reissue,0.0
dastardly,0.0
beta,0.0
premature,0.0
unnatural,0.0
roi,0.0
uvclight,0.0
noninterest,0.0
rightly,0.0
exhilarated,0.6124
orchestrate,0.0
pips,0.0
verrrry,0.0
hyperinflation,0.0
pennystock,0.0
dundee,0.0
withdrawn,0.0
sljb,0.0
eminent,0.0
shortsqueezed,0.0
lightest,0.0
module,0.0
ascm,0.0
preclinnical,0.0
external,0.0
valoria,0.0
amstrong,0.0
freehold,0.1779
replay,0.0
initiaties,0.0
pent,0.0
pathwave,0.0
sputnik,0.0
trican,0.0
comprising,0.0
fumaric,0.0
isolated,-0.3182
aheadofthecurve,0.0
signify,0.0
trad,0.0
appleevent,0.0
testers,0.0
frazier,0.0
cryogenic,0.0
clearning,0.0
awfully,0.0
sudden,0.0
rehitting,0.0
converting,0.0
holden,0.0
deemed,0.0
beneficially,0.5267
groovin,0.0
explored,0.0
pause,0.0
ground,0.0
germicidal,0.0
workin,0.0
indulge,0.0
intermediate,0.0
stating,0.0
newer,0.0
unauthorized,0.0
strikes,-0.3612
timmy,0.0
bragging,0.0
reminder,0.0
pressured,-0.2263
fanboys,0.0
immunic,0.0
tariffs,0.0
brining,0.0
quote,0.0
contactless,0.0
loook,0.0
confluence,0.0
spray,0.0
liquidated,0.0
tout,-0.128
ktdi,0.0
airport,0.0
discouraging,-0.4404
refunds,0.0
props,0.0
proportional,0.0
scamiest,0.0
ruins,-0.4404
staples,0.0
loads,0.0
slick,0.0
burrow,0.0
pavmed,0.0
expose,-0.1531
pace,0.0
shame,-0.4767
stationed,0.0
cyberbullying,0.0
introduced,0.0
trippled,0.0
brain,0.0
stall,-0.2023
sliding,0.0
thinning,0.0
pimps,0.0
fulled,0.0
aaple,0.0
babyyy,0.0
features,0.0
paired,0.0
leeches,0.0
sonos,0.0
sneaking,0.0
accesswir,0.0
populated,0.0
intercom,0.0
ceramic,0.0
impacts,0.0
flock,0.0
flavored,0.0
biking,0.0
legends,0.0
laundry,0.0
newbs,0.0
littttttttt,0.0
giveittome,0.0
christian,0.0
player,0.0
magsafe,0.0
mandate,0.0
commeth,0.0
capable,0.3818
bionic,0.0
marketing,0.0
carbon,0.0
covidcaughttrump,0.0
wired,0.0
nbow,0.0
compatible,0.0
natively,0.0
evevryday,0.0
feeing,0.0
readable,0.0
stainless,0.0
outer,0.0
guesthouse,0.0
rationale,0.0
minting,0.0
adaptors,0.0
ilovepennystocks,0.0
envious,-0.2732
raided,0.0
mining,0.0
shaked,0.0
winds,0.0
nontuberculous,0.0
multifaceted,0.0
pursuing,0.0
panicked,-0.4588
regret,-0.4215
iphones,0.0
itrustark,0.0
rinsed,0.0
bubble,0.0
gsrx,0.0
reinstatment,0.0
frontrunning,0.0
rushed,0.0
minerals,0.0
entirety,0.0
vincent,0.0
egaming,0.0
perky,0.0
darkest,-0.4939
autuw,0.0
vdrm,0.0
faceted,0.0
terrified,-0.6124
cmon,0.0
stormbreaker,0.0
greatful,0.0
fielding,0.0
bind,0.0
disulfide,0.0
swapped,0.0
generating,0.0
goldstocks,0.0
disordered,0.0
moonshot,0.0
dentist,0.0
redtogreen,0.0
zacks,0.0
excitement,0.4939
oct,0.0
mandated,0.0
satisfactory,0.3612
sk,0.0
aethlon,0.0
upsell,0.0
ridin,0.0
leans,0.0
rude,-0.4588
coupling,0.0
versa,0.0
bunch,0.0
investment,0.0
shimmy,0.0
hemopurifier,0.0
appeal,0.0
fubotv,0.0
adjusting,0.0
array,0.0
tils,0.0
vanessa,0.0
mcafee,0.0
profiting,0.3818
attributable,0.0
coral,0.0
finalizes,0.0
selecting,0.0
contained,0.0
factual,0.0
patent,0.0
lga,0.0
verdes,0.0
pretax,0.0
amedisys,0.0
warrant,0.0
crucify,0.0
silvergate,0.0
assume,0.0
issuances,0.0
redeem,0.0
crappy,-0.5574
sapiens,0.0
viii,0.0
rotate,0.0
regress,0.0
heaps,0.0
corrects,0.0
neurological,0.0
florence,0.0
senvest,0.0
rendle,0.0
cannabinoid,0.0
occurring,0.0
peachy,0.0
ovarian,0.0
wastewater,0.0
bless,0.4215
election,0.0
followthrough,0.0
sustainably,0.0
collateral,0.0
commercializing,0.0
chance,0.25
acuitas,0.0
figuring,0.0
unstructured,0.0
improper,0.0
retire,0.0
determination,0.4019
shoving,0.0
aaah,0.0
responsibly,0.0
episode,0.0
preventing,-0.0258
waits,0.0
particularly,0.0
locally,0.0
alnylam,0.0
tricida,0.0
curran,0.0
fool,-0.4404
coincides,0.0
leveraging,0.0
estates,0.0
cudda,0.0
guided,0.0
rails,0.0
heralding,0.0
demark,0.0
thinly,0.0
elancoanimalhealth,0.0
smarthome,0.0
proclaimed,0.0
switching,0.0
rounded,0.0
wakeup,0.0
bankrupt,-0.5574
esid,0.0
otcstocks,0.0
tole,0.0
maxing,0.0
excecute,0.0
guiding,0.0
somen,0.0
boxvn,0.0
choked,-0.4767
dante,0.0
phibroanimalhealth,0.0
dfco,0.0
lazydaysrv,0.0
vpoc,0.0
sinoglobal,0.0
extracorporeal,0.0
barretthearing,0.0
grilled,0.0
voxxinternational,0.0
transnational,0.0
unvalued,0.0
stir,0.0
compact,0.0
monocular,0.0
powershot,0.0
assess,0.0
evenly,0.0
conducive,0.0
orange,0.0
reinvented,0.0
imaging,0.0
mist,0.0
الأهداف,0.0
الشارت,0.0
hangs,0.0
deprived,-0.4767
liberty,0.5267
catalyst,0.0
